-- phpMyAdmin SQL Dump
-- version 5.2.1
-- https://www.phpmyadmin.net/
--
-- Host: localhost:3306
-- Waktu pembuatan: 03 Feb 2025 pada 09.34
-- Versi server: 10.3.39-MariaDB-cll-lve
-- Versi PHP: 7.3.33

SET SQL_MODE = "NO_AUTO_VALUE_ON_ZERO";
START TRANSACTION;
SET time_zone = "+00:00";


/*!40101 SET @OLD_CHARACTER_SET_CLIENT=@@CHARACTER_SET_CLIENT */;
/*!40101 SET @OLD_CHARACTER_SET_RESULTS=@@CHARACTER_SET_RESULTS */;
/*!40101 SET @OLD_COLLATION_CONNECTION=@@COLLATION_CONNECTION */;
/*!40101 SET NAMES utf8mb4 */;

--
-- Database: `himmatul_ta_absensi`
--

-- --------------------------------------------------------

--
-- Struktur dari tabel `absensi`
--

CREATE TABLE `absensi` (
  `id` int(10) UNSIGNED NOT NULL,
  `karyawan_id` int(11) NOT NULL,
  `face_id` varchar(50) NOT NULL,
  `tgl` date NOT NULL,
  `masuk` time NOT NULL,
  `foto_masuk` varchar(255) DEFAULT NULL,
  `pulang` time NOT NULL,
  `foto_pulang` varchar(255) DEFAULT NULL,
  `status` varchar(255) DEFAULT NULL,
  `created_at` timestamp NOT NULL DEFAULT current_timestamp() ON UPDATE current_timestamp(),
  `updated_at` timestamp NOT NULL DEFAULT '0000-00-00 00:00:00'
) ENGINE=InnoDB DEFAULT CHARSET=utf8mb4 COLLATE=utf8mb4_general_ci;

--
-- Dumping data untuk tabel `absensi`
--

INSERT INTO `absensi` (`id`, `karyawan_id`, `face_id`, `tgl`, `masuk`, `foto_masuk`, `pulang`, `foto_pulang`, `status`, `created_at`, `updated_at`) VALUES
(70, 13, 'rehan', '2024-06-18', '00:00:00', NULL, '00:00:00', NULL, 'Alpa', '2024-06-19 01:08:05', '2024-06-19 01:08:05'),
(71, 14, 'anwarfuad', '2024-06-18', '00:00:00', NULL, '00:00:00', NULL, 'Alpa', '2024-06-19 01:08:05', '2024-06-19 01:08:05'),
(72, 16, 'ulya', '2024-06-18', '00:00:00', NULL, '00:00:00', NULL, 'Alpa', '2024-06-19 08:02:35', '2024-06-19 08:02:35'),
(73, 13, 'rehan', '2024-06-19', '00:00:00', NULL, '00:00:00', NULL, 'Alpa', '2024-06-19 20:35:18', '2024-06-19 20:35:18'),
(74, 14, 'anwarfuad', '2024-06-19', '00:00:00', NULL, '00:00:00', NULL, 'Alpa', '2024-06-19 20:35:18', '2024-06-19 20:35:18'),
(75, 16, 'ulya', '2024-06-19', '00:00:00', NULL, '00:00:00', NULL, 'Alpa', '2024-06-19 20:35:18', '2024-06-19 20:35:18'),
(76, 14, 'anwarfuad', '2024-06-20', '03:57:09', 'anwarfuad_20240620_034509.jpg', '00:00:00', NULL, 'Hadir Masuk', '2024-06-19 20:45:09', '2024-06-19 20:45:09'),
(77, 17, 'ulya', '2024-06-19', '00:00:00', NULL, '00:00:00', NULL, 'Alpa', '2024-06-20 06:49:19', '2024-06-20 06:49:19'),
(78, 17, 'ulya', '2024-06-20', '14:08:18', 'ulya_20240620_135619.jpg', '00:00:00', NULL, 'Terlambat', '2024-06-20 06:59:54', '2024-06-20 06:56:19'),
(79, 18, 'alex', '2024-06-20', '14:44:00', 'alex_20240620_143159.jpg', '00:00:00', NULL, 'Terlambat', '2024-06-20 07:32:25', '2024-06-20 07:31:59'),
(80, 18, 'alex', '2024-06-19', '00:00:00', NULL, '00:00:00', NULL, 'Alpa', '2024-06-20 07:32:25', '2024-06-20 07:32:25'),
(81, 13, 'rehan', '2024-06-26', '00:00:00', NULL, '00:00:00', NULL, 'Alpa', '2024-06-27 00:00:35', '2024-06-27 00:00:35'),
(82, 14, 'anwarfuad', '2024-06-26', '00:00:00', NULL, '00:00:00', NULL, 'Alpa', '2024-06-27 00:00:35', '2024-06-27 00:00:35'),
(83, 17, 'ulya', '2024-06-26', '00:00:00', NULL, '00:00:00', NULL, 'Alpa', '2024-06-27 00:00:35', '2024-06-27 00:00:35'),
(84, 18, 'alex', '2024-06-26', '00:00:00', NULL, '00:00:00', NULL, 'Alpa', '2024-06-27 00:00:35', '2024-06-27 00:00:35'),
(85, 14, 'anwarfuad', '2024-06-27', '07:45:01', 'anwarfuad_20240627_073249.jpg', '17:26:44', 'anwarfuad_20240627_171430.jpg', 'Hadir Masuk', '2024-06-27 10:14:30', '2024-06-27 10:14:30'),
(86, 13, 'rehan', '2024-06-27', '07:54:56', 'rehan_20240627_074244.jpg', '00:00:00', NULL, 'Hadir Masuk', '2024-06-27 00:42:44', '2024-06-27 00:42:44'),
(87, 17, 'ulya', '2024-06-27', '00:00:00', NULL, '00:00:00', NULL, 'Alpa', '2024-06-28 07:36:19', '2024-06-28 07:36:19'),
(88, 18, 'alex', '2024-06-27', '00:00:00', NULL, '00:00:00', NULL, 'Alpa', '2024-06-28 07:36:19', '2024-06-28 07:36:19'),
(93, 13, 'rehan', '2024-07-09', '00:00:00', NULL, '00:00:00', NULL, 'Alpa', '2024-07-10 02:08:06', '2024-07-10 02:08:06'),
(94, 14, 'anwarfuad', '2024-07-09', '00:00:00', NULL, '00:00:00', NULL, 'Alpa', '2024-07-10 02:08:06', '2024-07-10 02:08:06'),
(95, 17, 'ulya', '2024-07-09', '00:00:00', NULL, '00:00:00', NULL, 'Alpa', '2024-07-10 02:08:06', '2024-07-10 02:08:06'),
(96, 18, 'alex', '2024-07-09', '00:00:00', NULL, '00:00:00', NULL, 'Alpa', '2024-07-10 02:08:06', '2024-07-10 02:08:06'),
(97, 13, 'rehan', '2024-07-10', '00:00:00', NULL, '00:00:00', NULL, 'Alpa', '2024-07-11 08:45:13', '2024-07-11 08:45:13'),
(98, 14, 'anwarfuad', '2024-07-10', '00:00:00', NULL, '00:00:00', NULL, 'Alpa', '2024-07-11 08:45:13', '2024-07-11 08:45:13'),
(99, 17, 'ulya', '2024-07-10', '00:00:00', NULL, '00:00:00', NULL, 'Alpa', '2024-07-11 08:45:13', '2024-07-11 08:45:13'),
(100, 18, 'alex', '2024-07-10', '00:00:00', NULL, '00:00:00', NULL, 'Alpa', '2024-07-11 08:45:13', '2024-07-11 08:45:13'),
(101, 13, 'rehan', '2024-07-13', '00:00:00', NULL, '00:00:00', NULL, 'Alpa', '2024-07-14 05:23:40', '2024-07-14 05:23:40'),
(102, 14, 'anwarfuad', '2024-07-13', '00:00:00', NULL, '00:00:00', NULL, 'Alpa', '2024-07-14 05:23:40', '2024-07-14 05:23:40'),
(103, 17, 'ulya', '2024-07-13', '00:00:00', NULL, '00:00:00', NULL, 'Alpa', '2024-07-14 05:23:40', '2024-07-14 05:23:40'),
(104, 18, 'alex', '2024-07-13', '00:00:00', NULL, '00:00:00', NULL, 'Alpa', '2024-07-14 05:23:40', '2024-07-14 05:23:40'),
(109, 14, 'anwarfuad', '2024-07-15', '08:16:59', 'anwarfuad_20240715_080414.jpg', '17:04:12', 'anwarfuad_20240715_165126.jpg', 'Hadir Masuk', '2024-07-16 01:22:01', '2024-07-15 09:51:26'),
(110, 13, 'rehan', '2024-07-15', '00:00:00', NULL, '00:00:00', NULL, 'Alpa', '2024-07-16 01:03:04', '2024-07-16 01:03:04'),
(111, 17, 'ulya', '2024-07-15', '00:00:00', NULL, '00:00:00', NULL, 'Alpa', '2024-07-16 01:03:04', '2024-07-16 01:03:04'),
(112, 18, 'alex', '2024-07-15', '00:00:00', NULL, '00:00:00', NULL, 'Alpa', '2024-07-16 01:03:04', '2024-07-16 01:03:04'),
(113, 14, 'anwarfuad', '2024-07-16', '08:33:41', 'anwarfuad_20240716_082054.jpg', '17:12:21', 'anwarfuad_20240716_165933.jpg', 'Hadir Masuk', '2024-07-16 09:59:33', '2024-07-16 09:59:33'),
(114, 13, '', '2024-07-16', '00:00:00', NULL, '00:00:00', NULL, 'Alpa', '2024-07-16 16:59:01', '0000-00-00 00:00:00'),
(115, 17, '', '2024-07-16', '00:00:00', NULL, '00:00:00', NULL, 'Alpa', '2024-07-16 16:59:01', '0000-00-00 00:00:00'),
(116, 18, '', '2024-07-16', '00:00:00', NULL, '00:00:00', NULL, 'Alpa', '2024-07-16 16:59:01', '0000-00-00 00:00:00'),
(117, 13, '', '2024-07-17', '00:00:00', NULL, '00:00:00', NULL, 'Alpa', '2024-07-17 16:59:02', '0000-00-00 00:00:00'),
(118, 14, '', '2024-07-17', '00:00:00', NULL, '00:00:00', NULL, 'Alpa', '2024-07-17 16:59:02', '0000-00-00 00:00:00'),
(119, 17, '', '2024-07-17', '00:00:00', NULL, '00:00:00', NULL, 'Alpa', '2024-07-17 16:59:02', '0000-00-00 00:00:00'),
(120, 18, '', '2024-07-17', '00:00:00', NULL, '00:00:00', NULL, 'Alpa', '2024-07-17 16:59:02', '0000-00-00 00:00:00'),
(121, 13, '', '2024-07-18', '00:00:00', NULL, '00:00:00', NULL, 'Alpa', '2024-07-18 16:59:01', '0000-00-00 00:00:00'),
(122, 14, '', '2024-07-18', '00:00:00', NULL, '00:00:00', NULL, 'Alpa', '2024-07-18 16:59:01', '0000-00-00 00:00:00'),
(123, 17, '', '2024-07-18', '00:00:00', NULL, '00:00:00', NULL, 'Alpa', '2024-07-18 16:59:01', '0000-00-00 00:00:00'),
(124, 18, '', '2024-07-18', '00:00:00', NULL, '00:00:00', NULL, 'Alpa', '2024-07-18 16:59:01', '0000-00-00 00:00:00'),
(125, 13, '', '2024-07-19', '00:00:00', NULL, '00:00:00', NULL, 'Alpa', '2024-07-19 16:59:02', '0000-00-00 00:00:00'),
(126, 14, '', '2024-07-19', '00:00:00', NULL, '00:00:00', NULL, 'Alpa', '2024-07-19 16:59:02', '0000-00-00 00:00:00'),
(127, 17, '', '2024-07-19', '00:00:00', NULL, '00:00:00', NULL, 'Alpa', '2024-07-19 16:59:02', '0000-00-00 00:00:00'),
(128, 18, '', '2024-07-19', '00:00:00', NULL, '00:00:00', NULL, 'Alpa', '2024-07-19 16:59:02', '0000-00-00 00:00:00'),
(129, 13, '', '2024-07-20', '00:00:00', NULL, '00:00:00', NULL, 'Alpa', '2024-07-20 16:59:01', '0000-00-00 00:00:00'),
(130, 14, '', '2024-07-20', '00:00:00', NULL, '00:00:00', NULL, 'Alpa', '2024-07-20 16:59:01', '0000-00-00 00:00:00'),
(131, 17, '', '2024-07-20', '00:00:00', NULL, '00:00:00', NULL, 'Alpa', '2024-07-20 16:59:01', '0000-00-00 00:00:00'),
(132, 18, '', '2024-07-20', '00:00:00', NULL, '00:00:00', NULL, 'Alpa', '2024-07-20 16:59:01', '0000-00-00 00:00:00'),
(137, 13, '', '2024-07-22', '00:00:00', NULL, '00:00:00', NULL, 'Alpa', '2024-07-22 16:59:01', '0000-00-00 00:00:00'),
(138, 14, '', '2024-07-22', '00:00:00', NULL, '00:00:00', NULL, 'Alpa', '2024-07-22 16:59:01', '0000-00-00 00:00:00'),
(139, 17, '', '2024-07-22', '00:00:00', NULL, '00:00:00', NULL, 'Alpa', '2024-07-22 16:59:01', '0000-00-00 00:00:00'),
(140, 18, '', '2024-07-22', '00:00:00', NULL, '00:00:00', NULL, 'Alpa', '2024-07-22 16:59:01', '0000-00-00 00:00:00'),
(141, 13, '', '2024-07-23', '00:00:00', NULL, '00:00:00', NULL, 'Alpa', '2024-07-23 16:59:02', '0000-00-00 00:00:00'),
(142, 14, '', '2024-07-23', '00:00:00', NULL, '00:00:00', NULL, 'Alpa', '2024-07-23 16:59:02', '0000-00-00 00:00:00'),
(143, 17, '', '2024-07-23', '00:00:00', NULL, '00:00:00', NULL, 'Alpa', '2024-07-23 16:59:02', '0000-00-00 00:00:00'),
(144, 18, '', '2024-07-23', '00:00:00', NULL, '00:00:00', NULL, 'Alpa', '2024-07-23 16:59:02', '0000-00-00 00:00:00'),
(145, 13, '', '2024-07-24', '00:00:00', NULL, '00:00:00', NULL, 'Alpa', '2024-07-24 16:59:01', '0000-00-00 00:00:00'),
(146, 14, '', '2024-07-24', '00:00:00', NULL, '00:00:00', NULL, 'Alpa', '2024-07-24 16:59:01', '0000-00-00 00:00:00'),
(147, 17, '', '2024-07-24', '00:00:00', NULL, '00:00:00', NULL, 'Alpa', '2024-07-24 16:59:01', '0000-00-00 00:00:00'),
(148, 18, '', '2024-07-24', '00:00:00', NULL, '00:00:00', NULL, 'Alpa', '2024-07-24 16:59:01', '0000-00-00 00:00:00'),
(149, 13, '', '2024-07-25', '00:00:00', NULL, '00:00:00', NULL, 'Alpa', '2024-07-25 16:59:01', '0000-00-00 00:00:00'),
(150, 14, '', '2024-07-25', '00:00:00', NULL, '00:00:00', NULL, 'Alpa', '2024-07-25 16:59:01', '0000-00-00 00:00:00'),
(151, 17, '', '2024-07-25', '00:00:00', NULL, '00:00:00', NULL, 'Alpa', '2024-07-25 16:59:01', '0000-00-00 00:00:00'),
(152, 18, '', '2024-07-25', '00:00:00', NULL, '00:00:00', NULL, 'Alpa', '2024-07-25 16:59:01', '0000-00-00 00:00:00'),
(153, 13, '', '2024-07-26', '00:00:00', NULL, '00:00:00', NULL, 'Alpa', '2024-07-26 16:59:01', '0000-00-00 00:00:00'),
(154, 14, '', '2024-07-26', '00:00:00', NULL, '00:00:00', NULL, 'Alpa', '2024-07-26 16:59:01', '0000-00-00 00:00:00'),
(155, 17, '', '2024-07-26', '00:00:00', NULL, '00:00:00', NULL, 'Alpa', '2024-07-26 16:59:02', '0000-00-00 00:00:00'),
(156, 18, '', '2024-07-26', '00:00:00', NULL, '00:00:00', NULL, 'Alpa', '2024-07-26 16:59:02', '0000-00-00 00:00:00'),
(157, 13, '', '2024-07-27', '00:00:00', NULL, '00:00:00', NULL, 'Alpa', '2024-07-27 16:59:01', '0000-00-00 00:00:00'),
(158, 14, '', '2024-07-27', '00:00:00', NULL, '00:00:00', NULL, 'Alpa', '2024-07-27 16:59:01', '0000-00-00 00:00:00'),
(159, 17, '', '2024-07-27', '00:00:00', NULL, '00:00:00', NULL, 'Alpa', '2024-07-27 16:59:01', '0000-00-00 00:00:00'),
(160, 18, '', '2024-07-27', '00:00:00', NULL, '00:00:00', NULL, 'Alpa', '2024-07-27 16:59:01', '0000-00-00 00:00:00'),
(165, 13, '', '2024-07-29', '00:00:00', NULL, '00:00:00', NULL, 'Alpa', '2024-07-29 16:59:02', '0000-00-00 00:00:00'),
(166, 14, '', '2024-07-29', '00:00:00', NULL, '00:00:00', NULL, 'Alpa', '2024-07-29 16:59:02', '0000-00-00 00:00:00'),
(167, 17, '', '2024-07-29', '00:00:00', NULL, '00:00:00', NULL, 'Alpa', '2024-07-29 16:59:02', '0000-00-00 00:00:00'),
(168, 18, '', '2024-07-29', '00:00:00', NULL, '00:00:00', NULL, 'Alpa', '2024-07-29 16:59:02', '0000-00-00 00:00:00'),
(169, 13, '', '2024-07-30', '00:00:00', NULL, '00:00:00', NULL, 'Alpa', '2024-07-30 16:59:01', '0000-00-00 00:00:00'),
(170, 14, '', '2024-07-30', '00:00:00', NULL, '00:00:00', NULL, 'Alpa', '2024-07-30 16:59:01', '0000-00-00 00:00:00'),
(171, 17, '', '2024-07-30', '00:00:00', NULL, '00:00:00', NULL, 'Alpa', '2024-07-30 16:59:01', '0000-00-00 00:00:00'),
(172, 18, '', '2024-07-30', '00:00:00', NULL, '00:00:00', NULL, 'Alpa', '2024-07-30 16:59:01', '0000-00-00 00:00:00'),
(173, 13, '', '2024-07-31', '00:00:00', NULL, '00:00:00', NULL, 'Alpa', '2024-07-31 16:59:02', '0000-00-00 00:00:00'),
(174, 14, '', '2024-07-31', '00:00:00', NULL, '00:00:00', NULL, 'Alpa', '2024-07-31 16:59:02', '0000-00-00 00:00:00'),
(175, 17, '', '2024-07-31', '00:00:00', NULL, '00:00:00', NULL, 'Alpa', '2024-07-31 16:59:02', '0000-00-00 00:00:00'),
(176, 18, '', '2024-07-31', '00:00:00', NULL, '00:00:00', NULL, 'Alpa', '2024-07-31 16:59:02', '0000-00-00 00:00:00'),
(177, 13, '', '2024-08-01', '00:00:00', NULL, '00:00:00', NULL, 'Alpa', '2024-08-01 16:59:01', '0000-00-00 00:00:00'),
(178, 14, '', '2024-08-01', '00:00:00', NULL, '00:00:00', NULL, 'Alpa', '2024-08-01 16:59:01', '0000-00-00 00:00:00'),
(179, 17, '', '2024-08-01', '00:00:00', NULL, '00:00:00', NULL, 'Alpa', '2024-08-01 16:59:01', '0000-00-00 00:00:00'),
(180, 18, '', '2024-08-01', '00:00:00', NULL, '00:00:00', NULL, 'Alpa', '2024-08-01 16:59:01', '0000-00-00 00:00:00'),
(181, 13, '', '2024-08-02', '00:00:00', NULL, '00:00:00', NULL, 'Alpa', '2024-08-02 16:59:01', '0000-00-00 00:00:00'),
(182, 14, '', '2024-08-02', '00:00:00', NULL, '00:00:00', NULL, 'Alpa', '2024-08-02 16:59:01', '0000-00-00 00:00:00'),
(183, 17, '', '2024-08-02', '00:00:00', NULL, '00:00:00', NULL, 'Alpa', '2024-08-02 16:59:01', '0000-00-00 00:00:00'),
(184, 18, '', '2024-08-02', '00:00:00', NULL, '00:00:00', NULL, 'Alpa', '2024-08-02 16:59:01', '0000-00-00 00:00:00'),
(185, 13, '', '2024-08-03', '00:00:00', NULL, '00:00:00', NULL, 'Alpa', '2024-08-03 16:59:02', '0000-00-00 00:00:00'),
(186, 14, '', '2024-08-03', '00:00:00', NULL, '00:00:00', NULL, 'Alpa', '2024-08-03 16:59:02', '0000-00-00 00:00:00'),
(187, 17, '', '2024-08-03', '00:00:00', NULL, '00:00:00', NULL, 'Alpa', '2024-08-03 16:59:02', '0000-00-00 00:00:00'),
(188, 18, '', '2024-08-03', '00:00:00', NULL, '00:00:00', NULL, 'Alpa', '2024-08-03 16:59:02', '0000-00-00 00:00:00'),
(193, 13, '', '2024-08-05', '00:00:00', NULL, '00:00:00', NULL, 'Alpa', '2024-08-05 16:59:01', '0000-00-00 00:00:00'),
(194, 14, '', '2024-08-05', '00:00:00', NULL, '00:00:00', NULL, 'Alpa', '2024-08-05 16:59:01', '0000-00-00 00:00:00'),
(195, 17, '', '2024-08-05', '00:00:00', NULL, '00:00:00', NULL, 'Alpa', '2024-08-05 16:59:01', '0000-00-00 00:00:00'),
(196, 18, '', '2024-08-05', '00:00:00', NULL, '00:00:00', NULL, 'Alpa', '2024-08-05 16:59:01', '0000-00-00 00:00:00'),
(197, 13, '', '2024-08-06', '00:00:00', NULL, '00:00:00', NULL, 'Alpa', '2024-08-06 16:59:01', '0000-00-00 00:00:00'),
(198, 14, '', '2024-08-06', '00:00:00', NULL, '00:00:00', NULL, 'Alpa', '2024-08-06 16:59:01', '0000-00-00 00:00:00'),
(199, 17, '', '2024-08-06', '00:00:00', NULL, '00:00:00', NULL, 'Alpa', '2024-08-06 16:59:01', '0000-00-00 00:00:00'),
(200, 18, '', '2024-08-06', '00:00:00', NULL, '00:00:00', NULL, 'Alpa', '2024-08-06 16:59:01', '0000-00-00 00:00:00'),
(201, 13, '', '2024-08-07', '00:00:00', NULL, '00:00:00', NULL, 'Alpa', '2024-08-07 16:59:01', '0000-00-00 00:00:00'),
(202, 14, '', '2024-08-07', '00:00:00', NULL, '00:00:00', NULL, 'Alpa', '2024-08-07 16:59:01', '0000-00-00 00:00:00'),
(203, 17, '', '2024-08-07', '00:00:00', NULL, '00:00:00', NULL, 'Alpa', '2024-08-07 16:59:01', '0000-00-00 00:00:00'),
(204, 18, '', '2024-08-07', '00:00:00', NULL, '00:00:00', NULL, 'Alpa', '2024-08-07 16:59:01', '0000-00-00 00:00:00'),
(205, 13, '', '2024-08-08', '00:00:00', NULL, '00:00:00', NULL, 'Alpa', '2024-08-08 16:59:02', '0000-00-00 00:00:00'),
(206, 14, '', '2024-08-08', '00:00:00', NULL, '00:00:00', NULL, 'Alpa', '2024-08-08 16:59:02', '0000-00-00 00:00:00'),
(207, 17, '', '2024-08-08', '00:00:00', NULL, '00:00:00', NULL, 'Alpa', '2024-08-08 16:59:02', '0000-00-00 00:00:00'),
(208, 18, '', '2024-08-08', '00:00:00', NULL, '00:00:00', NULL, 'Alpa', '2024-08-08 16:59:02', '0000-00-00 00:00:00'),
(209, 13, '', '2024-08-09', '00:00:00', NULL, '00:00:00', NULL, 'Alpa', '2024-08-09 16:59:01', '0000-00-00 00:00:00'),
(210, 14, '', '2024-08-09', '00:00:00', NULL, '00:00:00', NULL, 'Alpa', '2024-08-09 16:59:01', '0000-00-00 00:00:00'),
(211, 17, '', '2024-08-09', '00:00:00', NULL, '00:00:00', NULL, 'Alpa', '2024-08-09 16:59:01', '0000-00-00 00:00:00'),
(212, 18, '', '2024-08-09', '00:00:00', NULL, '00:00:00', NULL, 'Alpa', '2024-08-09 16:59:01', '0000-00-00 00:00:00'),
(213, 13, '', '2024-08-10', '00:00:00', NULL, '00:00:00', NULL, 'Alpa', '2024-08-10 16:59:02', '0000-00-00 00:00:00'),
(214, 14, '', '2024-08-10', '00:00:00', NULL, '00:00:00', NULL, 'Alpa', '2024-08-10 16:59:02', '0000-00-00 00:00:00'),
(215, 17, '', '2024-08-10', '00:00:00', NULL, '00:00:00', NULL, 'Alpa', '2024-08-10 16:59:02', '0000-00-00 00:00:00'),
(216, 18, '', '2024-08-10', '00:00:00', NULL, '00:00:00', NULL, 'Alpa', '2024-08-10 16:59:02', '0000-00-00 00:00:00'),
(221, 13, '', '2024-08-12', '00:00:00', NULL, '00:00:00', NULL, 'Alpa', '2024-08-12 16:59:01', '0000-00-00 00:00:00'),
(222, 14, '', '2024-08-12', '00:00:00', NULL, '00:00:00', NULL, 'Alpa', '2024-08-12 16:59:01', '0000-00-00 00:00:00'),
(223, 17, '', '2024-08-12', '00:00:00', NULL, '00:00:00', NULL, 'Alpa', '2024-08-12 16:59:01', '0000-00-00 00:00:00'),
(224, 18, '', '2024-08-12', '00:00:00', NULL, '00:00:00', NULL, 'Alpa', '2024-08-12 16:59:01', '0000-00-00 00:00:00'),
(225, 13, '', '2024-08-13', '00:00:00', NULL, '00:00:00', NULL, 'Alpa', '2024-08-13 16:59:01', '0000-00-00 00:00:00'),
(226, 14, '', '2024-08-13', '00:00:00', NULL, '00:00:00', NULL, 'Alpa', '2024-08-13 16:59:01', '0000-00-00 00:00:00'),
(227, 17, '', '2024-08-13', '00:00:00', NULL, '00:00:00', NULL, 'Alpa', '2024-08-13 16:59:01', '0000-00-00 00:00:00'),
(228, 18, '', '2024-08-13', '00:00:00', NULL, '00:00:00', NULL, 'Alpa', '2024-08-13 16:59:01', '0000-00-00 00:00:00'),
(229, 13, '', '2024-08-14', '00:00:00', NULL, '00:00:00', NULL, 'Alpa', '2024-08-14 16:59:01', '0000-00-00 00:00:00'),
(230, 14, '', '2024-08-14', '00:00:00', NULL, '00:00:00', NULL, 'Alpa', '2024-08-14 16:59:01', '0000-00-00 00:00:00'),
(231, 17, '', '2024-08-14', '00:00:00', NULL, '00:00:00', NULL, 'Alpa', '2024-08-14 16:59:01', '0000-00-00 00:00:00'),
(232, 18, '', '2024-08-14', '00:00:00', NULL, '00:00:00', NULL, 'Alpa', '2024-08-14 16:59:01', '0000-00-00 00:00:00'),
(233, 13, '', '2024-08-15', '00:00:00', NULL, '00:00:00', NULL, 'Alpa', '2024-08-15 16:59:02', '0000-00-00 00:00:00'),
(234, 14, '', '2024-08-15', '00:00:00', NULL, '00:00:00', NULL, 'Alpa', '2024-08-15 16:59:02', '0000-00-00 00:00:00'),
(235, 17, '', '2024-08-15', '00:00:00', NULL, '00:00:00', NULL, 'Alpa', '2024-08-15 16:59:02', '0000-00-00 00:00:00'),
(236, 18, '', '2024-08-15', '00:00:00', NULL, '00:00:00', NULL, 'Alpa', '2024-08-15 16:59:02', '0000-00-00 00:00:00'),
(237, 13, '', '2024-08-16', '00:00:00', NULL, '00:00:00', NULL, 'Alpa', '2024-08-16 16:59:01', '0000-00-00 00:00:00'),
(238, 14, '', '2024-08-16', '00:00:00', NULL, '00:00:00', NULL, 'Alpa', '2024-08-16 16:59:01', '0000-00-00 00:00:00'),
(239, 17, '', '2024-08-16', '00:00:00', NULL, '00:00:00', NULL, 'Alpa', '2024-08-16 16:59:01', '0000-00-00 00:00:00'),
(240, 18, '', '2024-08-16', '00:00:00', NULL, '00:00:00', NULL, 'Alpa', '2024-08-16 16:59:01', '0000-00-00 00:00:00'),
(241, 13, '', '2024-08-17', '00:00:00', NULL, '00:00:00', NULL, 'Alpa', '2024-08-17 16:59:01', '0000-00-00 00:00:00'),
(242, 14, '', '2024-08-17', '00:00:00', NULL, '00:00:00', NULL, 'Alpa', '2024-08-17 16:59:01', '0000-00-00 00:00:00'),
(243, 17, '', '2024-08-17', '00:00:00', NULL, '00:00:00', NULL, 'Alpa', '2024-08-17 16:59:01', '0000-00-00 00:00:00'),
(244, 18, '', '2024-08-17', '00:00:00', NULL, '00:00:00', NULL, 'Alpa', '2024-08-17 16:59:01', '0000-00-00 00:00:00'),
(249, 13, 'rehan', '2024-08-18', '00:00:00', NULL, '00:00:00', NULL, 'Alpa', '2024-08-19 02:14:30', '2024-08-19 02:14:30'),
(250, 14, 'anwarfuad', '2024-08-18', '00:00:00', NULL, '00:00:00', NULL, 'Alpa', '2024-08-19 02:14:30', '2024-08-19 02:14:30'),
(251, 17, 'ulya', '2024-08-18', '00:00:00', NULL, '00:00:00', NULL, 'Alpa', '2024-08-19 02:14:30', '2024-08-19 02:14:30'),
(252, 18, 'alex', '2024-08-18', '00:00:00', NULL, '00:00:00', NULL, 'Alpa', '2024-08-19 02:14:30', '2024-08-19 02:14:30'),
(253, 13, '', '2024-08-19', '00:00:00', NULL, '00:00:00', NULL, 'Alpa', '2024-08-19 16:59:02', '0000-00-00 00:00:00'),
(254, 14, '', '2024-08-19', '00:00:00', NULL, '00:00:00', NULL, 'Alpa', '2024-08-19 16:59:02', '0000-00-00 00:00:00'),
(255, 17, '', '2024-08-19', '00:00:00', NULL, '00:00:00', NULL, 'Alpa', '2024-08-19 16:59:02', '0000-00-00 00:00:00'),
(256, 18, '', '2024-08-19', '00:00:00', NULL, '00:00:00', NULL, 'Alpa', '2024-08-19 16:59:02', '0000-00-00 00:00:00'),
(257, 13, '', '2024-08-20', '00:00:00', NULL, '00:00:00', NULL, 'Alpa', '2024-08-20 16:59:01', '0000-00-00 00:00:00'),
(258, 14, '', '2024-08-20', '00:00:00', NULL, '00:00:00', NULL, 'Alpa', '2024-08-20 16:59:01', '0000-00-00 00:00:00'),
(259, 17, '', '2024-08-20', '00:00:00', NULL, '00:00:00', NULL, 'Alpa', '2024-08-20 16:59:01', '0000-00-00 00:00:00'),
(260, 18, '', '2024-08-20', '00:00:00', NULL, '00:00:00', NULL, 'Alpa', '2024-08-20 16:59:01', '0000-00-00 00:00:00'),
(261, 13, '', '2024-08-21', '00:00:00', NULL, '00:00:00', NULL, 'Alpa', '2024-08-21 16:59:01', '0000-00-00 00:00:00'),
(262, 14, '', '2024-08-21', '00:00:00', NULL, '00:00:00', NULL, 'Alpa', '2024-08-21 16:59:01', '0000-00-00 00:00:00'),
(263, 17, '', '2024-08-21', '00:00:00', NULL, '00:00:00', NULL, 'Alpa', '2024-08-21 16:59:01', '0000-00-00 00:00:00'),
(264, 18, '', '2024-08-21', '00:00:00', NULL, '00:00:00', NULL, 'Alpa', '2024-08-21 16:59:01', '0000-00-00 00:00:00'),
(265, 13, '', '2024-08-22', '00:00:00', NULL, '00:00:00', NULL, 'Alpa', '2024-08-22 16:59:01', '0000-00-00 00:00:00'),
(266, 14, '', '2024-08-22', '00:00:00', NULL, '00:00:00', NULL, 'Alpa', '2024-08-22 16:59:01', '0000-00-00 00:00:00'),
(267, 17, '', '2024-08-22', '00:00:00', NULL, '00:00:00', NULL, 'Alpa', '2024-08-22 16:59:01', '0000-00-00 00:00:00'),
(268, 18, '', '2024-08-22', '00:00:00', NULL, '00:00:00', NULL, 'Alpa', '2024-08-22 16:59:01', '0000-00-00 00:00:00'),
(269, 13, '', '2024-08-23', '00:00:00', NULL, '00:00:00', NULL, 'Alpa', '2024-08-23 16:59:02', '0000-00-00 00:00:00'),
(270, 14, '', '2024-08-23', '00:00:00', NULL, '00:00:00', NULL, 'Alpa', '2024-08-23 16:59:02', '0000-00-00 00:00:00'),
(271, 17, '', '2024-08-23', '00:00:00', NULL, '00:00:00', NULL, 'Alpa', '2024-08-23 16:59:02', '0000-00-00 00:00:00'),
(272, 18, '', '2024-08-23', '00:00:00', NULL, '00:00:00', NULL, 'Alpa', '2024-08-23 16:59:02', '0000-00-00 00:00:00'),
(273, 13, '', '2024-08-24', '00:00:00', NULL, '00:00:00', NULL, 'Alpa', '2024-08-24 16:59:02', '0000-00-00 00:00:00'),
(274, 14, '', '2024-08-24', '00:00:00', NULL, '00:00:00', NULL, 'Alpa', '2024-08-24 16:59:02', '0000-00-00 00:00:00'),
(275, 17, '', '2024-08-24', '00:00:00', NULL, '00:00:00', NULL, 'Alpa', '2024-08-24 16:59:02', '0000-00-00 00:00:00'),
(276, 18, '', '2024-08-24', '00:00:00', NULL, '00:00:00', NULL, 'Alpa', '2024-08-24 16:59:02', '0000-00-00 00:00:00'),
(277, 13, '', '2024-08-26', '00:00:00', NULL, '00:00:00', NULL, 'Alpa', '2024-08-26 16:59:01', '0000-00-00 00:00:00'),
(278, 14, '', '2024-08-26', '00:00:00', NULL, '00:00:00', NULL, 'Alpa', '2024-08-26 16:59:01', '0000-00-00 00:00:00'),
(279, 17, '', '2024-08-26', '00:00:00', NULL, '00:00:00', NULL, 'Alpa', '2024-08-26 16:59:01', '0000-00-00 00:00:00'),
(280, 18, '', '2024-08-26', '00:00:00', NULL, '00:00:00', NULL, 'Alpa', '2024-08-26 16:59:01', '0000-00-00 00:00:00'),
(281, 13, '', '2024-08-27', '00:00:00', NULL, '00:00:00', NULL, 'Alpa', '2024-08-27 16:59:01', '0000-00-00 00:00:00'),
(282, 14, '', '2024-08-27', '00:00:00', NULL, '00:00:00', NULL, 'Alpa', '2024-08-27 16:59:01', '0000-00-00 00:00:00'),
(283, 17, '', '2024-08-27', '00:00:00', NULL, '00:00:00', NULL, 'Alpa', '2024-08-27 16:59:01', '0000-00-00 00:00:00'),
(284, 18, '', '2024-08-27', '00:00:00', NULL, '00:00:00', NULL, 'Alpa', '2024-08-27 16:59:01', '0000-00-00 00:00:00'),
(285, 13, '', '2024-08-28', '00:00:00', NULL, '00:00:00', NULL, 'Alpa', '2024-08-28 16:59:01', '0000-00-00 00:00:00'),
(286, 14, '', '2024-08-28', '00:00:00', NULL, '00:00:00', NULL, 'Alpa', '2024-08-28 16:59:01', '0000-00-00 00:00:00'),
(287, 17, '', '2024-08-28', '00:00:00', NULL, '00:00:00', NULL, 'Alpa', '2024-08-28 16:59:01', '0000-00-00 00:00:00'),
(288, 18, '', '2024-08-28', '00:00:00', NULL, '00:00:00', NULL, 'Alpa', '2024-08-28 16:59:01', '0000-00-00 00:00:00'),
(289, 13, '', '2024-08-29', '00:00:00', NULL, '00:00:00', NULL, 'Alpa', '2024-08-29 16:59:01', '0000-00-00 00:00:00'),
(290, 14, '', '2024-08-29', '00:00:00', NULL, '00:00:00', NULL, 'Alpa', '2024-08-29 16:59:01', '0000-00-00 00:00:00'),
(291, 17, '', '2024-08-29', '00:00:00', NULL, '00:00:00', NULL, 'Alpa', '2024-08-29 16:59:01', '0000-00-00 00:00:00'),
(292, 18, '', '2024-08-29', '00:00:00', NULL, '00:00:00', NULL, 'Alpa', '2024-08-29 16:59:01', '0000-00-00 00:00:00'),
(293, 13, '', '2024-08-30', '00:00:00', NULL, '00:00:00', NULL, 'Alpa', '2024-08-30 16:59:01', '0000-00-00 00:00:00'),
(294, 14, '', '2024-08-30', '00:00:00', NULL, '00:00:00', NULL, 'Alpa', '2024-08-30 16:59:01', '0000-00-00 00:00:00'),
(295, 17, '', '2024-08-30', '00:00:00', NULL, '00:00:00', NULL, 'Alpa', '2024-08-30 16:59:01', '0000-00-00 00:00:00'),
(296, 18, '', '2024-08-30', '00:00:00', NULL, '00:00:00', NULL, 'Alpa', '2024-08-30 16:59:01', '0000-00-00 00:00:00'),
(297, 13, '', '2024-08-31', '00:00:00', NULL, '00:00:00', NULL, 'Alpa', '2024-08-31 16:59:01', '0000-00-00 00:00:00'),
(298, 14, '', '2024-08-31', '00:00:00', NULL, '00:00:00', NULL, 'Alpa', '2024-08-31 16:59:01', '0000-00-00 00:00:00'),
(299, 17, '', '2024-08-31', '00:00:00', NULL, '00:00:00', NULL, 'Alpa', '2024-08-31 16:59:01', '0000-00-00 00:00:00'),
(300, 18, '', '2024-08-31', '00:00:00', NULL, '00:00:00', NULL, 'Alpa', '2024-08-31 16:59:01', '0000-00-00 00:00:00'),
(301, 13, '', '2024-09-02', '00:00:00', NULL, '00:00:00', NULL, 'Alpa', '2024-09-02 16:59:01', '0000-00-00 00:00:00'),
(302, 14, '', '2024-09-02', '00:00:00', NULL, '00:00:00', NULL, 'Alpa', '2024-09-02 16:59:01', '0000-00-00 00:00:00'),
(303, 17, '', '2024-09-02', '00:00:00', NULL, '00:00:00', NULL, 'Alpa', '2024-09-02 16:59:01', '0000-00-00 00:00:00'),
(304, 18, '', '2024-09-02', '00:00:00', NULL, '00:00:00', NULL, 'Alpa', '2024-09-02 16:59:01', '0000-00-00 00:00:00'),
(305, 13, '', '2024-09-03', '00:00:00', NULL, '00:00:00', NULL, 'Alpa', '2024-09-03 16:59:01', '0000-00-00 00:00:00'),
(306, 14, '', '2024-09-03', '00:00:00', NULL, '00:00:00', NULL, 'Alpa', '2024-09-03 16:59:01', '0000-00-00 00:00:00'),
(307, 17, '', '2024-09-03', '00:00:00', NULL, '00:00:00', NULL, 'Alpa', '2024-09-03 16:59:01', '0000-00-00 00:00:00'),
(308, 18, '', '2024-09-03', '00:00:00', NULL, '00:00:00', NULL, 'Alpa', '2024-09-03 16:59:01', '0000-00-00 00:00:00'),
(309, 13, '', '2024-09-04', '00:00:00', NULL, '00:00:00', NULL, 'Alpa', '2024-09-04 16:59:01', '0000-00-00 00:00:00'),
(310, 14, '', '2024-09-04', '00:00:00', NULL, '00:00:00', NULL, 'Alpa', '2024-09-04 16:59:01', '0000-00-00 00:00:00'),
(311, 17, '', '2024-09-04', '00:00:00', NULL, '00:00:00', NULL, 'Alpa', '2024-09-04 16:59:01', '0000-00-00 00:00:00'),
(312, 18, '', '2024-09-04', '00:00:00', NULL, '00:00:00', NULL, 'Alpa', '2024-09-04 16:59:01', '0000-00-00 00:00:00'),
(313, 13, '', '2024-09-05', '00:00:00', NULL, '00:00:00', NULL, 'Alpa', '2024-09-05 16:59:01', '0000-00-00 00:00:00'),
(314, 14, '', '2024-09-05', '00:00:00', NULL, '00:00:00', NULL, 'Alpa', '2024-09-05 16:59:01', '0000-00-00 00:00:00'),
(315, 17, '', '2024-09-05', '00:00:00', NULL, '00:00:00', NULL, 'Alpa', '2024-09-05 16:59:01', '0000-00-00 00:00:00'),
(316, 18, '', '2024-09-05', '00:00:00', NULL, '00:00:00', NULL, 'Alpa', '2024-09-05 16:59:01', '0000-00-00 00:00:00'),
(317, 13, '', '2024-09-06', '00:00:00', NULL, '00:00:00', NULL, 'Alpa', '2024-09-06 16:59:01', '0000-00-00 00:00:00'),
(318, 14, '', '2024-09-06', '00:00:00', NULL, '00:00:00', NULL, 'Alpa', '2024-09-06 16:59:01', '0000-00-00 00:00:00'),
(319, 17, '', '2024-09-06', '00:00:00', NULL, '00:00:00', NULL, 'Alpa', '2024-09-06 16:59:01', '0000-00-00 00:00:00'),
(320, 18, '', '2024-09-06', '00:00:00', NULL, '00:00:00', NULL, 'Alpa', '2024-09-06 16:59:01', '0000-00-00 00:00:00'),
(321, 13, '', '2024-09-07', '00:00:00', NULL, '00:00:00', NULL, 'Alpa', '2024-09-07 16:59:01', '0000-00-00 00:00:00'),
(322, 14, '', '2024-09-07', '00:00:00', NULL, '00:00:00', NULL, 'Alpa', '2024-09-07 16:59:01', '0000-00-00 00:00:00'),
(323, 17, '', '2024-09-07', '00:00:00', NULL, '00:00:00', NULL, 'Alpa', '2024-09-07 16:59:01', '0000-00-00 00:00:00'),
(324, 18, '', '2024-09-07', '00:00:00', NULL, '00:00:00', NULL, 'Alpa', '2024-09-07 16:59:02', '0000-00-00 00:00:00'),
(325, 13, '', '2024-09-09', '00:00:00', NULL, '00:00:00', NULL, 'Alpa', '2024-09-09 16:59:01', '0000-00-00 00:00:00'),
(326, 14, '', '2024-09-09', '00:00:00', NULL, '00:00:00', NULL, 'Alpa', '2024-09-09 16:59:01', '0000-00-00 00:00:00'),
(327, 17, '', '2024-09-09', '00:00:00', NULL, '00:00:00', NULL, 'Alpa', '2024-09-09 16:59:01', '0000-00-00 00:00:00'),
(328, 18, '', '2024-09-09', '00:00:00', NULL, '00:00:00', NULL, 'Alpa', '2024-09-09 16:59:01', '0000-00-00 00:00:00'),
(329, 13, '', '2024-09-10', '00:00:00', NULL, '00:00:00', NULL, 'Alpa', '2024-09-10 16:59:02', '0000-00-00 00:00:00'),
(330, 14, '', '2024-09-10', '00:00:00', NULL, '00:00:00', NULL, 'Alpa', '2024-09-10 16:59:02', '0000-00-00 00:00:00'),
(331, 17, '', '2024-09-10', '00:00:00', NULL, '00:00:00', NULL, 'Alpa', '2024-09-10 16:59:02', '0000-00-00 00:00:00'),
(332, 18, '', '2024-09-10', '00:00:00', NULL, '00:00:00', NULL, 'Alpa', '2024-09-10 16:59:02', '0000-00-00 00:00:00'),
(333, 13, '', '2024-09-11', '00:00:00', NULL, '00:00:00', NULL, 'Alpa', '2024-09-11 16:59:01', '0000-00-00 00:00:00'),
(334, 14, '', '2024-09-11', '00:00:00', NULL, '00:00:00', NULL, 'Alpa', '2024-09-11 16:59:01', '0000-00-00 00:00:00'),
(335, 17, '', '2024-09-11', '00:00:00', NULL, '00:00:00', NULL, 'Alpa', '2024-09-11 16:59:01', '0000-00-00 00:00:00'),
(336, 18, '', '2024-09-11', '00:00:00', NULL, '00:00:00', NULL, 'Alpa', '2024-09-11 16:59:01', '0000-00-00 00:00:00'),
(337, 13, '', '2024-09-12', '00:00:00', NULL, '00:00:00', NULL, 'Alpa', '2024-09-12 16:59:01', '0000-00-00 00:00:00'),
(338, 14, '', '2024-09-12', '00:00:00', NULL, '00:00:00', NULL, 'Alpa', '2024-09-12 16:59:01', '0000-00-00 00:00:00'),
(339, 17, '', '2024-09-12', '00:00:00', NULL, '00:00:00', NULL, 'Alpa', '2024-09-12 16:59:01', '0000-00-00 00:00:00'),
(340, 18, '', '2024-09-12', '00:00:00', NULL, '00:00:00', NULL, 'Alpa', '2024-09-12 16:59:01', '0000-00-00 00:00:00'),
(341, 13, '', '2024-09-13', '00:00:00', NULL, '00:00:00', NULL, 'Alpa', '2024-09-13 16:59:01', '0000-00-00 00:00:00'),
(342, 14, '', '2024-09-13', '00:00:00', NULL, '00:00:00', NULL, 'Alpa', '2024-09-13 16:59:01', '0000-00-00 00:00:00'),
(343, 17, '', '2024-09-13', '00:00:00', NULL, '00:00:00', NULL, 'Alpa', '2024-09-13 16:59:01', '0000-00-00 00:00:00'),
(344, 18, '', '2024-09-13', '00:00:00', NULL, '00:00:00', NULL, 'Alpa', '2024-09-13 16:59:01', '0000-00-00 00:00:00'),
(345, 13, '', '2024-09-14', '00:00:00', NULL, '00:00:00', NULL, 'Alpa', '2024-09-14 16:59:01', '0000-00-00 00:00:00'),
(346, 14, '', '2024-09-14', '00:00:00', NULL, '00:00:00', NULL, 'Alpa', '2024-09-14 16:59:01', '0000-00-00 00:00:00'),
(347, 17, '', '2024-09-14', '00:00:00', NULL, '00:00:00', NULL, 'Alpa', '2024-09-14 16:59:01', '0000-00-00 00:00:00'),
(348, 18, '', '2024-09-14', '00:00:00', NULL, '00:00:00', NULL, 'Alpa', '2024-09-14 16:59:01', '0000-00-00 00:00:00'),
(349, 13, '', '2024-09-16', '00:00:00', NULL, '00:00:00', NULL, 'Alpa', '2024-09-16 16:59:01', '0000-00-00 00:00:00'),
(350, 14, '', '2024-09-16', '00:00:00', NULL, '00:00:00', NULL, 'Alpa', '2024-09-16 16:59:01', '0000-00-00 00:00:00'),
(351, 17, '', '2024-09-16', '00:00:00', NULL, '00:00:00', NULL, 'Alpa', '2024-09-16 16:59:01', '0000-00-00 00:00:00'),
(352, 18, '', '2024-09-16', '00:00:00', NULL, '00:00:00', NULL, 'Alpa', '2024-09-16 16:59:02', '0000-00-00 00:00:00'),
(353, 13, '', '2024-09-17', '00:00:00', NULL, '00:00:00', NULL, 'Alpa', '2024-09-17 16:59:02', '0000-00-00 00:00:00'),
(354, 14, '', '2024-09-17', '00:00:00', NULL, '00:00:00', NULL, 'Alpa', '2024-09-17 16:59:02', '0000-00-00 00:00:00'),
(355, 17, '', '2024-09-17', '00:00:00', NULL, '00:00:00', NULL, 'Alpa', '2024-09-17 16:59:02', '0000-00-00 00:00:00'),
(356, 18, '', '2024-09-17', '00:00:00', NULL, '00:00:00', NULL, 'Alpa', '2024-09-17 16:59:02', '0000-00-00 00:00:00'),
(357, 13, '', '2024-09-18', '00:00:00', NULL, '00:00:00', NULL, 'Alpa', '2024-09-18 16:59:01', '0000-00-00 00:00:00'),
(358, 14, '', '2024-09-18', '00:00:00', NULL, '00:00:00', NULL, 'Alpa', '2024-09-18 16:59:01', '0000-00-00 00:00:00'),
(359, 17, '', '2024-09-18', '00:00:00', NULL, '00:00:00', NULL, 'Alpa', '2024-09-18 16:59:01', '0000-00-00 00:00:00'),
(360, 18, '', '2024-09-18', '00:00:00', NULL, '00:00:00', NULL, 'Alpa', '2024-09-18 16:59:01', '0000-00-00 00:00:00'),
(361, 13, '', '2024-09-19', '00:00:00', NULL, '00:00:00', NULL, 'Alpa', '2024-09-19 16:59:01', '0000-00-00 00:00:00'),
(362, 14, '', '2024-09-19', '00:00:00', NULL, '00:00:00', NULL, 'Alpa', '2024-09-19 16:59:01', '0000-00-00 00:00:00'),
(363, 17, '', '2024-09-19', '00:00:00', NULL, '00:00:00', NULL, 'Alpa', '2024-09-19 16:59:01', '0000-00-00 00:00:00'),
(364, 18, '', '2024-09-19', '00:00:00', NULL, '00:00:00', NULL, 'Alpa', '2024-09-19 16:59:01', '0000-00-00 00:00:00'),
(365, 13, '', '2024-09-20', '00:00:00', NULL, '00:00:00', NULL, 'Alpa', '2024-09-20 16:59:01', '0000-00-00 00:00:00'),
(366, 14, '', '2024-09-20', '00:00:00', NULL, '00:00:00', NULL, 'Alpa', '2024-09-20 16:59:01', '0000-00-00 00:00:00'),
(367, 17, '', '2024-09-20', '00:00:00', NULL, '00:00:00', NULL, 'Alpa', '2024-09-20 16:59:02', '0000-00-00 00:00:00'),
(368, 18, '', '2024-09-20', '00:00:00', NULL, '00:00:00', NULL, 'Alpa', '2024-09-20 16:59:02', '0000-00-00 00:00:00'),
(369, 13, '', '2024-09-21', '00:00:00', NULL, '00:00:00', NULL, 'Alpa', '2024-09-21 16:59:02', '0000-00-00 00:00:00'),
(370, 14, '', '2024-09-21', '00:00:00', NULL, '00:00:00', NULL, 'Alpa', '2024-09-21 16:59:02', '0000-00-00 00:00:00'),
(371, 17, '', '2024-09-21', '00:00:00', NULL, '00:00:00', NULL, 'Alpa', '2024-09-21 16:59:02', '0000-00-00 00:00:00'),
(372, 18, '', '2024-09-21', '00:00:00', NULL, '00:00:00', NULL, 'Alpa', '2024-09-21 16:59:02', '0000-00-00 00:00:00'),
(373, 13, '', '2024-09-23', '00:00:00', NULL, '00:00:00', NULL, 'Alpa', '2024-09-23 16:59:02', '0000-00-00 00:00:00'),
(374, 14, '', '2024-09-23', '00:00:00', NULL, '00:00:00', NULL, 'Alpa', '2024-09-23 16:59:02', '0000-00-00 00:00:00'),
(375, 17, '', '2024-09-23', '00:00:00', NULL, '00:00:00', NULL, 'Alpa', '2024-09-23 16:59:02', '0000-00-00 00:00:00'),
(376, 18, '', '2024-09-23', '00:00:00', NULL, '00:00:00', NULL, 'Alpa', '2024-09-23 16:59:02', '0000-00-00 00:00:00'),
(377, 13, '', '2024-09-24', '00:00:00', NULL, '00:00:00', NULL, 'Alpa', '2024-09-24 16:59:01', '0000-00-00 00:00:00'),
(378, 14, '', '2024-09-24', '00:00:00', NULL, '00:00:00', NULL, 'Alpa', '2024-09-24 16:59:01', '0000-00-00 00:00:00'),
(379, 17, '', '2024-09-24', '00:00:00', NULL, '00:00:00', NULL, 'Alpa', '2024-09-24 16:59:01', '0000-00-00 00:00:00'),
(380, 18, '', '2024-09-24', '00:00:00', NULL, '00:00:00', NULL, 'Alpa', '2024-09-24 16:59:01', '0000-00-00 00:00:00'),
(381, 13, '', '2024-09-25', '00:00:00', NULL, '00:00:00', NULL, 'Alpa', '2024-09-25 16:59:01', '0000-00-00 00:00:00'),
(382, 14, '', '2024-09-25', '00:00:00', NULL, '00:00:00', NULL, 'Alpa', '2024-09-25 16:59:01', '0000-00-00 00:00:00'),
(383, 17, '', '2024-09-25', '00:00:00', NULL, '00:00:00', NULL, 'Alpa', '2024-09-25 16:59:01', '0000-00-00 00:00:00'),
(384, 18, '', '2024-09-25', '00:00:00', NULL, '00:00:00', NULL, 'Alpa', '2024-09-25 16:59:01', '0000-00-00 00:00:00'),
(385, 13, '', '2024-09-26', '00:00:00', NULL, '00:00:00', NULL, 'Alpa', '2024-09-26 16:59:01', '0000-00-00 00:00:00'),
(386, 14, '', '2024-09-26', '00:00:00', NULL, '00:00:00', NULL, 'Alpa', '2024-09-26 16:59:01', '0000-00-00 00:00:00'),
(387, 17, '', '2024-09-26', '00:00:00', NULL, '00:00:00', NULL, 'Alpa', '2024-09-26 16:59:01', '0000-00-00 00:00:00'),
(388, 18, '', '2024-09-26', '00:00:00', NULL, '00:00:00', NULL, 'Alpa', '2024-09-26 16:59:01', '0000-00-00 00:00:00'),
(389, 13, '', '2024-09-27', '00:00:00', NULL, '00:00:00', NULL, 'Alpa', '2024-09-27 16:59:01', '0000-00-00 00:00:00'),
(390, 14, '', '2024-09-27', '00:00:00', NULL, '00:00:00', NULL, 'Alpa', '2024-09-27 16:59:01', '0000-00-00 00:00:00'),
(391, 17, '', '2024-09-27', '00:00:00', NULL, '00:00:00', NULL, 'Alpa', '2024-09-27 16:59:01', '0000-00-00 00:00:00'),
(392, 18, '', '2024-09-27', '00:00:00', NULL, '00:00:00', NULL, 'Alpa', '2024-09-27 16:59:01', '0000-00-00 00:00:00'),
(393, 13, '', '2024-09-28', '00:00:00', NULL, '00:00:00', NULL, 'Alpa', '2024-09-28 16:59:01', '0000-00-00 00:00:00'),
(394, 14, '', '2024-09-28', '00:00:00', NULL, '00:00:00', NULL, 'Alpa', '2024-09-28 16:59:01', '0000-00-00 00:00:00'),
(395, 17, '', '2024-09-28', '00:00:00', NULL, '00:00:00', NULL, 'Alpa', '2024-09-28 16:59:01', '0000-00-00 00:00:00'),
(396, 18, '', '2024-09-28', '00:00:00', NULL, '00:00:00', NULL, 'Alpa', '2024-09-28 16:59:01', '0000-00-00 00:00:00'),
(397, 13, '', '2024-09-30', '00:00:00', NULL, '00:00:00', NULL, 'Alpa', '2024-09-30 16:59:01', '0000-00-00 00:00:00'),
(398, 14, '', '2024-09-30', '00:00:00', NULL, '00:00:00', NULL, 'Alpa', '2024-09-30 16:59:02', '0000-00-00 00:00:00'),
(399, 17, '', '2024-09-30', '00:00:00', NULL, '00:00:00', NULL, 'Alpa', '2024-09-30 16:59:02', '0000-00-00 00:00:00'),
(400, 18, '', '2024-09-30', '00:00:00', NULL, '00:00:00', NULL, 'Alpa', '2024-09-30 16:59:02', '0000-00-00 00:00:00'),
(401, 13, '', '2024-10-01', '00:00:00', NULL, '00:00:00', NULL, 'Alpa', '2024-10-01 16:59:01', '0000-00-00 00:00:00'),
(402, 14, '', '2024-10-01', '00:00:00', NULL, '00:00:00', NULL, 'Alpa', '2024-10-01 16:59:01', '0000-00-00 00:00:00'),
(403, 17, '', '2024-10-01', '00:00:00', NULL, '00:00:00', NULL, 'Alpa', '2024-10-01 16:59:02', '0000-00-00 00:00:00'),
(404, 18, '', '2024-10-01', '00:00:00', NULL, '00:00:00', NULL, 'Alpa', '2024-10-01 16:59:02', '0000-00-00 00:00:00'),
(405, 13, '', '2024-10-02', '00:00:00', NULL, '00:00:00', NULL, 'Alpa', '2024-10-02 16:59:01', '0000-00-00 00:00:00'),
(406, 14, '', '2024-10-02', '00:00:00', NULL, '00:00:00', NULL, 'Alpa', '2024-10-02 16:59:01', '0000-00-00 00:00:00'),
(407, 17, '', '2024-10-02', '00:00:00', NULL, '00:00:00', NULL, 'Alpa', '2024-10-02 16:59:01', '0000-00-00 00:00:00'),
(408, 18, '', '2024-10-02', '00:00:00', NULL, '00:00:00', NULL, 'Alpa', '2024-10-02 16:59:01', '0000-00-00 00:00:00'),
(409, 13, '', '2024-10-03', '00:00:00', NULL, '00:00:00', NULL, 'Alpa', '2024-10-03 16:59:02', '0000-00-00 00:00:00'),
(410, 14, '', '2024-10-03', '00:00:00', NULL, '00:00:00', NULL, 'Alpa', '2024-10-03 16:59:02', '0000-00-00 00:00:00'),
(411, 17, '', '2024-10-03', '00:00:00', NULL, '00:00:00', NULL, 'Alpa', '2024-10-03 16:59:02', '0000-00-00 00:00:00'),
(412, 18, '', '2024-10-03', '00:00:00', NULL, '00:00:00', NULL, 'Alpa', '2024-10-03 16:59:02', '0000-00-00 00:00:00'),
(413, 13, '', '2024-10-04', '00:00:00', NULL, '00:00:00', NULL, 'Alpa', '2024-10-04 16:59:02', '0000-00-00 00:00:00'),
(414, 14, '', '2024-10-04', '00:00:00', NULL, '00:00:00', NULL, 'Alpa', '2024-10-04 16:59:02', '0000-00-00 00:00:00'),
(415, 17, '', '2024-10-04', '00:00:00', NULL, '00:00:00', NULL, 'Alpa', '2024-10-04 16:59:02', '0000-00-00 00:00:00'),
(416, 18, '', '2024-10-04', '00:00:00', NULL, '00:00:00', NULL, 'Alpa', '2024-10-04 16:59:02', '0000-00-00 00:00:00'),
(417, 13, '', '2024-10-05', '00:00:00', NULL, '00:00:00', NULL, 'Alpa', '2024-10-05 16:59:02', '0000-00-00 00:00:00'),
(418, 14, '', '2024-10-05', '00:00:00', NULL, '00:00:00', NULL, 'Alpa', '2024-10-05 16:59:02', '0000-00-00 00:00:00'),
(419, 17, '', '2024-10-05', '00:00:00', NULL, '00:00:00', NULL, 'Alpa', '2024-10-05 16:59:02', '0000-00-00 00:00:00'),
(420, 18, '', '2024-10-05', '00:00:00', NULL, '00:00:00', NULL, 'Alpa', '2024-10-05 16:59:02', '0000-00-00 00:00:00'),
(421, 13, '', '2024-10-07', '00:00:00', NULL, '00:00:00', NULL, 'Alpa', '2024-10-07 16:59:02', '0000-00-00 00:00:00'),
(422, 14, '', '2024-10-07', '00:00:00', NULL, '00:00:00', NULL, 'Alpa', '2024-10-07 16:59:02', '0000-00-00 00:00:00'),
(423, 17, '', '2024-10-07', '00:00:00', NULL, '00:00:00', NULL, 'Alpa', '2024-10-07 16:59:02', '0000-00-00 00:00:00'),
(424, 18, '', '2024-10-07', '00:00:00', NULL, '00:00:00', NULL, 'Alpa', '2024-10-07 16:59:02', '0000-00-00 00:00:00'),
(425, 13, '', '2024-10-08', '00:00:00', NULL, '00:00:00', NULL, 'Alpa', '2024-10-08 16:59:02', '0000-00-00 00:00:00'),
(426, 14, '', '2024-10-08', '00:00:00', NULL, '00:00:00', NULL, 'Alpa', '2024-10-08 16:59:02', '0000-00-00 00:00:00'),
(427, 17, '', '2024-10-08', '00:00:00', NULL, '00:00:00', NULL, 'Alpa', '2024-10-08 16:59:02', '0000-00-00 00:00:00'),
(428, 18, '', '2024-10-08', '00:00:00', NULL, '00:00:00', NULL, 'Alpa', '2024-10-08 16:59:02', '0000-00-00 00:00:00'),
(429, 13, '', '2024-10-09', '00:00:00', NULL, '00:00:00', NULL, 'Alpa', '2024-10-09 16:59:01', '0000-00-00 00:00:00'),
(430, 14, '', '2024-10-09', '00:00:00', NULL, '00:00:00', NULL, 'Alpa', '2024-10-09 16:59:01', '0000-00-00 00:00:00'),
(431, 17, '', '2024-10-09', '00:00:00', NULL, '00:00:00', NULL, 'Alpa', '2024-10-09 16:59:01', '0000-00-00 00:00:00'),
(432, 18, '', '2024-10-09', '00:00:00', NULL, '00:00:00', NULL, 'Alpa', '2024-10-09 16:59:01', '0000-00-00 00:00:00'),
(433, 13, '', '2024-10-10', '00:00:00', NULL, '00:00:00', NULL, 'Alpa', '2024-10-10 16:59:02', '0000-00-00 00:00:00'),
(434, 14, '', '2024-10-10', '00:00:00', NULL, '00:00:00', NULL, 'Alpa', '2024-10-10 16:59:02', '0000-00-00 00:00:00'),
(435, 17, '', '2024-10-10', '00:00:00', NULL, '00:00:00', NULL, 'Alpa', '2024-10-10 16:59:02', '0000-00-00 00:00:00'),
(436, 18, '', '2024-10-10', '00:00:00', NULL, '00:00:00', NULL, 'Alpa', '2024-10-10 16:59:02', '0000-00-00 00:00:00'),
(437, 13, '', '2024-10-11', '00:00:00', NULL, '00:00:00', NULL, 'Alpa', '2024-10-11 16:59:02', '0000-00-00 00:00:00'),
(438, 14, '', '2024-10-11', '00:00:00', NULL, '00:00:00', NULL, 'Alpa', '2024-10-11 16:59:02', '0000-00-00 00:00:00'),
(439, 17, '', '2024-10-11', '00:00:00', NULL, '00:00:00', NULL, 'Alpa', '2024-10-11 16:59:02', '0000-00-00 00:00:00'),
(440, 18, '', '2024-10-11', '00:00:00', NULL, '00:00:00', NULL, 'Alpa', '2024-10-11 16:59:02', '0000-00-00 00:00:00'),
(441, 13, '', '2024-10-12', '00:00:00', NULL, '00:00:00', NULL, 'Alpa', '2024-10-12 16:59:01', '0000-00-00 00:00:00'),
(442, 14, '', '2024-10-12', '00:00:00', NULL, '00:00:00', NULL, 'Alpa', '2024-10-12 16:59:01', '0000-00-00 00:00:00'),
(443, 17, '', '2024-10-12', '00:00:00', NULL, '00:00:00', NULL, 'Alpa', '2024-10-12 16:59:01', '0000-00-00 00:00:00'),
(444, 18, '', '2024-10-12', '00:00:00', NULL, '00:00:00', NULL, 'Alpa', '2024-10-12 16:59:01', '0000-00-00 00:00:00'),
(445, 13, '', '2024-10-14', '00:00:00', NULL, '00:00:00', NULL, 'Alpa', '2024-10-14 16:59:02', '0000-00-00 00:00:00'),
(446, 14, '', '2024-10-14', '00:00:00', NULL, '00:00:00', NULL, 'Alpa', '2024-10-14 16:59:02', '0000-00-00 00:00:00'),
(447, 17, '', '2024-10-14', '00:00:00', NULL, '00:00:00', NULL, 'Alpa', '2024-10-14 16:59:02', '0000-00-00 00:00:00'),
(448, 18, '', '2024-10-14', '00:00:00', NULL, '00:00:00', NULL, 'Alpa', '2024-10-14 16:59:02', '0000-00-00 00:00:00'),
(449, 13, '', '2024-10-15', '00:00:00', NULL, '00:00:00', NULL, 'Alpa', '2024-10-15 16:59:01', '0000-00-00 00:00:00'),
(450, 14, '', '2024-10-15', '00:00:00', NULL, '00:00:00', NULL, 'Alpa', '2024-10-15 16:59:01', '0000-00-00 00:00:00'),
(451, 17, '', '2024-10-15', '00:00:00', NULL, '00:00:00', NULL, 'Alpa', '2024-10-15 16:59:01', '0000-00-00 00:00:00'),
(452, 18, '', '2024-10-15', '00:00:00', NULL, '00:00:00', NULL, 'Alpa', '2024-10-15 16:59:01', '0000-00-00 00:00:00'),
(453, 13, '', '2024-10-16', '00:00:00', NULL, '00:00:00', NULL, 'Alpa', '2024-10-16 16:59:02', '0000-00-00 00:00:00'),
(454, 14, '', '2024-10-16', '00:00:00', NULL, '00:00:00', NULL, 'Alpa', '2024-10-16 16:59:02', '0000-00-00 00:00:00'),
(455, 17, '', '2024-10-16', '00:00:00', NULL, '00:00:00', NULL, 'Alpa', '2024-10-16 16:59:03', '0000-00-00 00:00:00'),
(456, 18, '', '2024-10-16', '00:00:00', NULL, '00:00:00', NULL, 'Alpa', '2024-10-16 16:59:03', '0000-00-00 00:00:00'),
(457, 13, '', '2024-10-17', '00:00:00', NULL, '00:00:00', NULL, 'Alpa', '2024-10-17 16:59:02', '0000-00-00 00:00:00'),
(458, 14, '', '2024-10-17', '00:00:00', NULL, '00:00:00', NULL, 'Alpa', '2024-10-17 16:59:02', '0000-00-00 00:00:00'),
(459, 17, '', '2024-10-17', '00:00:00', NULL, '00:00:00', NULL, 'Alpa', '2024-10-17 16:59:02', '0000-00-00 00:00:00'),
(460, 18, '', '2024-10-17', '00:00:00', NULL, '00:00:00', NULL, 'Alpa', '2024-10-17 16:59:02', '0000-00-00 00:00:00'),
(461, 13, '', '2024-10-18', '00:00:00', NULL, '00:00:00', NULL, 'Alpa', '2024-10-18 16:59:01', '0000-00-00 00:00:00'),
(462, 14, '', '2024-10-18', '00:00:00', NULL, '00:00:00', NULL, 'Alpa', '2024-10-18 16:59:01', '0000-00-00 00:00:00'),
(463, 17, '', '2024-10-18', '00:00:00', NULL, '00:00:00', NULL, 'Alpa', '2024-10-18 16:59:01', '0000-00-00 00:00:00'),
(464, 18, '', '2024-10-18', '00:00:00', NULL, '00:00:00', NULL, 'Alpa', '2024-10-18 16:59:01', '0000-00-00 00:00:00'),
(465, 13, '', '2024-10-19', '00:00:00', NULL, '00:00:00', NULL, 'Alpa', '2024-10-19 16:59:01', '0000-00-00 00:00:00'),
(466, 14, '', '2024-10-19', '00:00:00', NULL, '00:00:00', NULL, 'Alpa', '2024-10-19 16:59:01', '0000-00-00 00:00:00'),
(467, 17, '', '2024-10-19', '00:00:00', NULL, '00:00:00', NULL, 'Alpa', '2024-10-19 16:59:01', '0000-00-00 00:00:00'),
(468, 18, '', '2024-10-19', '00:00:00', NULL, '00:00:00', NULL, 'Alpa', '2024-10-19 16:59:01', '0000-00-00 00:00:00'),
(469, 13, '', '2024-10-21', '00:00:00', NULL, '00:00:00', NULL, 'Alpa', '2024-10-21 16:59:01', '0000-00-00 00:00:00'),
(470, 14, '', '2024-10-21', '00:00:00', NULL, '00:00:00', NULL, 'Alpa', '2024-10-21 16:59:01', '0000-00-00 00:00:00'),
(471, 17, '', '2024-10-21', '00:00:00', NULL, '00:00:00', NULL, 'Alpa', '2024-10-21 16:59:01', '0000-00-00 00:00:00'),
(472, 18, '', '2024-10-21', '00:00:00', NULL, '00:00:00', NULL, 'Alpa', '2024-10-21 16:59:01', '0000-00-00 00:00:00'),
(473, 13, '', '2024-10-22', '00:00:00', NULL, '00:00:00', NULL, 'Alpa', '2024-10-22 16:59:01', '0000-00-00 00:00:00'),
(474, 14, '', '2024-10-22', '00:00:00', NULL, '00:00:00', NULL, 'Alpa', '2024-10-22 16:59:02', '0000-00-00 00:00:00'),
(475, 17, '', '2024-10-22', '00:00:00', NULL, '00:00:00', NULL, 'Alpa', '2024-10-22 16:59:02', '0000-00-00 00:00:00'),
(476, 18, '', '2024-10-22', '00:00:00', NULL, '00:00:00', NULL, 'Alpa', '2024-10-22 16:59:02', '0000-00-00 00:00:00'),
(477, 13, '', '2024-10-23', '00:00:00', NULL, '00:00:00', NULL, 'Alpa', '2024-10-23 16:59:01', '0000-00-00 00:00:00'),
(478, 14, '', '2024-10-23', '00:00:00', NULL, '00:00:00', NULL, 'Alpa', '2024-10-23 16:59:01', '0000-00-00 00:00:00'),
(479, 17, '', '2024-10-23', '00:00:00', NULL, '00:00:00', NULL, 'Alpa', '2024-10-23 16:59:01', '0000-00-00 00:00:00'),
(480, 18, '', '2024-10-23', '00:00:00', NULL, '00:00:00', NULL, 'Alpa', '2024-10-23 16:59:02', '0000-00-00 00:00:00'),
(481, 13, '', '2024-10-24', '00:00:00', NULL, '00:00:00', NULL, 'Alpa', '2024-10-24 16:59:01', '0000-00-00 00:00:00'),
(482, 14, '', '2024-10-24', '00:00:00', NULL, '00:00:00', NULL, 'Alpa', '2024-10-24 16:59:01', '0000-00-00 00:00:00'),
(483, 17, '', '2024-10-24', '00:00:00', NULL, '00:00:00', NULL, 'Alpa', '2024-10-24 16:59:01', '0000-00-00 00:00:00'),
(484, 18, '', '2024-10-24', '00:00:00', NULL, '00:00:00', NULL, 'Alpa', '2024-10-24 16:59:01', '0000-00-00 00:00:00'),
(485, 14, 'anwarfuad', '2024-10-25', '13:14:51', 'anwarfuad_20241025_125811.jpg', '00:00:00', NULL, 'Terlambat', '2024-10-25 05:58:46', '2024-10-25 05:58:11'),
(486, 13, '', '2024-10-25', '00:00:00', NULL, '00:00:00', NULL, 'Alpa', '2024-10-25 16:59:01', '0000-00-00 00:00:00'),
(487, 17, '', '2024-10-25', '00:00:00', NULL, '00:00:00', NULL, 'Alpa', '2024-10-25 16:59:01', '0000-00-00 00:00:00'),
(488, 18, '', '2024-10-25', '00:00:00', NULL, '00:00:00', NULL, 'Alpa', '2024-10-25 16:59:01', '0000-00-00 00:00:00'),
(489, 13, '', '2024-10-26', '00:00:00', NULL, '00:00:00', NULL, 'Alpa', '2024-10-26 16:59:01', '0000-00-00 00:00:00'),
(490, 14, '', '2024-10-26', '00:00:00', NULL, '00:00:00', NULL, 'Alpa', '2024-10-26 16:59:01', '0000-00-00 00:00:00'),
(491, 17, '', '2024-10-26', '00:00:00', NULL, '00:00:00', NULL, 'Alpa', '2024-10-26 16:59:01', '0000-00-00 00:00:00'),
(492, 18, '', '2024-10-26', '00:00:00', NULL, '00:00:00', NULL, 'Alpa', '2024-10-26 16:59:01', '0000-00-00 00:00:00'),
(493, 13, 'rehan', '2024-10-27', '00:00:00', NULL, '00:00:00', NULL, 'Alpa', '2024-10-28 01:00:53', '2024-10-28 01:00:53'),
(494, 14, 'anwarfuad', '2024-10-27', '00:00:00', NULL, '00:00:00', NULL, 'Alpa', '2024-10-28 01:00:53', '2024-10-28 01:00:53'),
(495, 17, 'ulya', '2024-10-27', '00:00:00', NULL, '00:00:00', NULL, 'Alpa', '2024-10-28 01:00:53', '2024-10-28 01:00:53'),
(496, 18, 'alex', '2024-10-27', '00:00:00', NULL, '00:00:00', NULL, 'Alpa', '2024-10-28 01:00:53', '2024-10-28 01:00:53'),
(497, 13, '', '2024-10-28', '00:00:00', NULL, '00:00:00', NULL, 'Alpa', '2024-10-28 16:59:01', '0000-00-00 00:00:00'),
(498, 14, '', '2024-10-28', '00:00:00', NULL, '00:00:00', NULL, 'Alpa', '2024-10-28 16:59:02', '0000-00-00 00:00:00'),
(499, 17, '', '2024-10-28', '00:00:00', NULL, '00:00:00', NULL, 'Alpa', '2024-10-28 16:59:02', '0000-00-00 00:00:00'),
(500, 18, '', '2024-10-28', '00:00:00', NULL, '00:00:00', NULL, 'Alpa', '2024-10-28 16:59:02', '0000-00-00 00:00:00'),
(501, 13, '', '2024-10-29', '00:00:00', NULL, '00:00:00', NULL, 'Alpa', '2024-10-29 16:59:01', '0000-00-00 00:00:00'),
(502, 14, '', '2024-10-29', '00:00:00', NULL, '00:00:00', NULL, 'Alpa', '2024-10-29 16:59:01', '0000-00-00 00:00:00'),
(503, 17, '', '2024-10-29', '00:00:00', NULL, '00:00:00', NULL, 'Alpa', '2024-10-29 16:59:01', '0000-00-00 00:00:00'),
(504, 18, '', '2024-10-29', '00:00:00', NULL, '00:00:00', NULL, 'Alpa', '2024-10-29 16:59:01', '0000-00-00 00:00:00'),
(505, 13, '', '2024-10-30', '00:00:00', NULL, '00:00:00', NULL, 'Alpa', '2024-10-30 16:59:01', '0000-00-00 00:00:00'),
(506, 14, '', '2024-10-30', '00:00:00', NULL, '00:00:00', NULL, 'Alpa', '2024-10-30 16:59:01', '0000-00-00 00:00:00'),
(507, 17, '', '2024-10-30', '00:00:00', NULL, '00:00:00', NULL, 'Alpa', '2024-10-30 16:59:01', '0000-00-00 00:00:00'),
(508, 18, '', '2024-10-30', '00:00:00', NULL, '00:00:00', NULL, 'Alpa', '2024-10-30 16:59:01', '0000-00-00 00:00:00'),
(509, 13, '', '2024-10-31', '00:00:00', NULL, '00:00:00', NULL, 'Alpa', '2024-10-31 16:59:01', '0000-00-00 00:00:00'),
(510, 14, '', '2024-10-31', '00:00:00', NULL, '00:00:00', NULL, 'Alpa', '2024-10-31 16:59:01', '0000-00-00 00:00:00'),
(511, 17, '', '2024-10-31', '00:00:00', NULL, '00:00:00', NULL, 'Alpa', '2024-10-31 16:59:01', '0000-00-00 00:00:00'),
(512, 18, '', '2024-10-31', '00:00:00', NULL, '00:00:00', NULL, 'Alpa', '2024-10-31 16:59:01', '0000-00-00 00:00:00'),
(513, 13, '', '2024-11-01', '00:00:00', NULL, '00:00:00', NULL, 'Alpa', '2024-11-01 16:59:01', '0000-00-00 00:00:00'),
(514, 14, '', '2024-11-01', '00:00:00', NULL, '00:00:00', NULL, 'Alpa', '2024-11-01 16:59:01', '0000-00-00 00:00:00'),
(515, 17, '', '2024-11-01', '00:00:00', NULL, '00:00:00', NULL, 'Alpa', '2024-11-01 16:59:01', '0000-00-00 00:00:00'),
(516, 18, '', '2024-11-01', '00:00:00', NULL, '00:00:00', NULL, 'Alpa', '2024-11-01 16:59:01', '0000-00-00 00:00:00'),
(517, 13, '', '2024-11-02', '00:00:00', NULL, '00:00:00', NULL, 'Alpa', '2024-11-02 16:59:02', '0000-00-00 00:00:00'),
(518, 14, '', '2024-11-02', '00:00:00', NULL, '00:00:00', NULL, 'Alpa', '2024-11-02 16:59:02', '0000-00-00 00:00:00');
INSERT INTO `absensi` (`id`, `karyawan_id`, `face_id`, `tgl`, `masuk`, `foto_masuk`, `pulang`, `foto_pulang`, `status`, `created_at`, `updated_at`) VALUES
(519, 17, '', '2024-11-02', '00:00:00', NULL, '00:00:00', NULL, 'Alpa', '2024-11-02 16:59:02', '0000-00-00 00:00:00'),
(520, 18, '', '2024-11-02', '00:00:00', NULL, '00:00:00', NULL, 'Alpa', '2024-11-02 16:59:02', '0000-00-00 00:00:00'),
(521, 13, '', '2024-11-04', '00:00:00', NULL, '00:00:00', NULL, 'Alpa', '2024-11-04 16:59:01', '0000-00-00 00:00:00'),
(522, 14, '', '2024-11-04', '00:00:00', NULL, '00:00:00', NULL, 'Alpa', '2024-11-04 16:59:01', '0000-00-00 00:00:00'),
(523, 17, '', '2024-11-04', '00:00:00', NULL, '00:00:00', NULL, 'Alpa', '2024-11-04 16:59:02', '0000-00-00 00:00:00'),
(524, 18, '', '2024-11-04', '00:00:00', NULL, '00:00:00', NULL, 'Alpa', '2024-11-04 16:59:02', '0000-00-00 00:00:00'),
(525, 13, '', '2024-11-05', '00:00:00', NULL, '00:00:00', NULL, 'Alpa', '2024-11-05 16:59:01', '0000-00-00 00:00:00'),
(526, 14, '', '2024-11-05', '00:00:00', NULL, '00:00:00', NULL, 'Alpa', '2024-11-05 16:59:01', '0000-00-00 00:00:00'),
(527, 17, '', '2024-11-05', '00:00:00', NULL, '00:00:00', NULL, 'Alpa', '2024-11-05 16:59:01', '0000-00-00 00:00:00'),
(528, 18, '', '2024-11-05', '00:00:00', NULL, '00:00:00', NULL, 'Alpa', '2024-11-05 16:59:01', '0000-00-00 00:00:00'),
(529, 13, '', '2024-11-06', '00:00:00', NULL, '00:00:00', NULL, 'Alpa', '2024-11-06 16:59:02', '0000-00-00 00:00:00'),
(530, 14, '', '2024-11-06', '00:00:00', NULL, '00:00:00', NULL, 'Alpa', '2024-11-06 16:59:02', '0000-00-00 00:00:00'),
(531, 17, '', '2024-11-06', '00:00:00', NULL, '00:00:00', NULL, 'Alpa', '2024-11-06 16:59:02', '0000-00-00 00:00:00'),
(532, 18, '', '2024-11-06', '00:00:00', NULL, '00:00:00', NULL, 'Alpa', '2024-11-06 16:59:02', '0000-00-00 00:00:00'),
(533, 13, '', '2024-11-07', '00:00:00', NULL, '00:00:00', NULL, 'Alpa', '2024-11-07 16:59:01', '0000-00-00 00:00:00'),
(534, 14, '', '2024-11-07', '00:00:00', NULL, '00:00:00', NULL, 'Alpa', '2024-11-07 16:59:01', '0000-00-00 00:00:00'),
(535, 17, '', '2024-11-07', '00:00:00', NULL, '00:00:00', NULL, 'Alpa', '2024-11-07 16:59:01', '0000-00-00 00:00:00'),
(536, 18, '', '2024-11-07', '00:00:00', NULL, '00:00:00', NULL, 'Alpa', '2024-11-07 16:59:02', '0000-00-00 00:00:00'),
(537, 13, '', '2024-11-08', '00:00:00', NULL, '00:00:00', NULL, 'Alpa', '2024-11-08 16:59:02', '0000-00-00 00:00:00'),
(538, 14, '', '2024-11-08', '00:00:00', NULL, '00:00:00', NULL, 'Alpa', '2024-11-08 16:59:02', '0000-00-00 00:00:00'),
(539, 17, '', '2024-11-08', '00:00:00', NULL, '00:00:00', NULL, 'Alpa', '2024-11-08 16:59:02', '0000-00-00 00:00:00'),
(540, 18, '', '2024-11-08', '00:00:00', NULL, '00:00:00', NULL, 'Alpa', '2024-11-08 16:59:02', '0000-00-00 00:00:00'),
(541, 13, '', '2024-11-09', '00:00:00', NULL, '00:00:00', NULL, 'Alpa', '2024-11-09 16:59:02', '0000-00-00 00:00:00'),
(542, 14, '', '2024-11-09', '00:00:00', NULL, '00:00:00', NULL, 'Alpa', '2024-11-09 16:59:02', '0000-00-00 00:00:00'),
(543, 17, '', '2024-11-09', '00:00:00', NULL, '00:00:00', NULL, 'Alpa', '2024-11-09 16:59:02', '0000-00-00 00:00:00'),
(544, 18, '', '2024-11-09', '00:00:00', NULL, '00:00:00', NULL, 'Alpa', '2024-11-09 16:59:02', '0000-00-00 00:00:00'),
(545, 13, '', '2024-11-11', '00:00:00', NULL, '00:00:00', NULL, 'Alpa', '2024-11-11 16:59:01', '0000-00-00 00:00:00'),
(546, 14, '', '2024-11-11', '00:00:00', NULL, '00:00:00', NULL, 'Alpa', '2024-11-11 16:59:01', '0000-00-00 00:00:00'),
(547, 17, '', '2024-11-11', '00:00:00', NULL, '00:00:00', NULL, 'Alpa', '2024-11-11 16:59:02', '0000-00-00 00:00:00'),
(548, 18, '', '2024-11-11', '00:00:00', NULL, '00:00:00', NULL, 'Alpa', '2024-11-11 16:59:02', '0000-00-00 00:00:00'),
(549, 13, '', '2024-11-12', '00:00:00', NULL, '00:00:00', NULL, 'Alpa', '2024-11-12 16:59:02', '0000-00-00 00:00:00'),
(550, 14, '', '2024-11-12', '00:00:00', NULL, '00:00:00', NULL, 'Alpa', '2024-11-12 16:59:02', '0000-00-00 00:00:00'),
(551, 17, '', '2024-11-12', '00:00:00', NULL, '00:00:00', NULL, 'Alpa', '2024-11-12 16:59:02', '0000-00-00 00:00:00'),
(552, 18, '', '2024-11-12', '00:00:00', NULL, '00:00:00', NULL, 'Alpa', '2024-11-12 16:59:02', '0000-00-00 00:00:00'),
(553, 13, '', '2024-11-13', '00:00:00', NULL, '00:00:00', NULL, 'Alpa', '2024-11-13 16:59:01', '0000-00-00 00:00:00'),
(554, 14, '', '2024-11-13', '00:00:00', NULL, '00:00:00', NULL, 'Alpa', '2024-11-13 16:59:02', '0000-00-00 00:00:00'),
(555, 17, '', '2024-11-13', '00:00:00', NULL, '00:00:00', NULL, 'Alpa', '2024-11-13 16:59:09', '0000-00-00 00:00:00'),
(556, 18, '', '2024-11-13', '00:00:00', NULL, '00:00:00', NULL, 'Alpa', '2024-11-13 16:59:10', '0000-00-00 00:00:00'),
(557, 13, '', '2024-11-14', '00:00:00', NULL, '00:00:00', NULL, 'Alpa', '2024-11-14 16:59:01', '0000-00-00 00:00:00'),
(558, 14, '', '2024-11-14', '00:00:00', NULL, '00:00:00', NULL, 'Alpa', '2024-11-14 16:59:02', '0000-00-00 00:00:00'),
(559, 17, '', '2024-11-14', '00:00:00', NULL, '00:00:00', NULL, 'Alpa', '2024-11-14 16:59:02', '0000-00-00 00:00:00'),
(560, 18, '', '2024-11-14', '00:00:00', NULL, '00:00:00', NULL, 'Alpa', '2024-11-14 16:59:02', '0000-00-00 00:00:00'),
(561, 13, '', '2024-11-15', '00:00:00', NULL, '00:00:00', NULL, 'Alpa', '2024-11-15 16:59:01', '0000-00-00 00:00:00'),
(562, 14, '', '2024-11-15', '00:00:00', NULL, '00:00:00', NULL, 'Alpa', '2024-11-15 16:59:01', '0000-00-00 00:00:00'),
(563, 17, '', '2024-11-15', '00:00:00', NULL, '00:00:00', NULL, 'Alpa', '2024-11-15 16:59:01', '0000-00-00 00:00:00'),
(564, 18, '', '2024-11-15', '00:00:00', NULL, '00:00:00', NULL, 'Alpa', '2024-11-15 16:59:01', '0000-00-00 00:00:00'),
(565, 13, '', '2024-11-16', '00:00:00', NULL, '00:00:00', NULL, 'Alpa', '2024-11-16 16:59:03', '0000-00-00 00:00:00'),
(566, 14, '', '2024-11-16', '00:00:00', NULL, '00:00:00', NULL, 'Alpa', '2024-11-16 16:59:03', '0000-00-00 00:00:00'),
(567, 17, '', '2024-11-16', '00:00:00', NULL, '00:00:00', NULL, 'Alpa', '2024-11-16 16:59:03', '0000-00-00 00:00:00'),
(568, 18, '', '2024-11-16', '00:00:00', NULL, '00:00:00', NULL, 'Alpa', '2024-11-16 16:59:03', '0000-00-00 00:00:00'),
(569, 13, '', '2024-11-18', '00:00:00', NULL, '00:00:00', NULL, 'Alpa', '2024-11-18 16:59:01', '0000-00-00 00:00:00'),
(570, 14, '', '2024-11-18', '00:00:00', NULL, '00:00:00', NULL, 'Alpa', '2024-11-18 16:59:01', '0000-00-00 00:00:00'),
(571, 17, '', '2024-11-18', '00:00:00', NULL, '00:00:00', NULL, 'Alpa', '2024-11-18 16:59:01', '0000-00-00 00:00:00'),
(572, 18, '', '2024-11-18', '00:00:00', NULL, '00:00:00', NULL, 'Alpa', '2024-11-18 16:59:01', '0000-00-00 00:00:00'),
(573, 13, '', '2024-11-19', '00:00:00', NULL, '00:00:00', NULL, 'Alpa', '2024-11-19 16:59:01', '0000-00-00 00:00:00'),
(574, 14, '', '2024-11-19', '00:00:00', NULL, '00:00:00', NULL, 'Alpa', '2024-11-19 16:59:02', '0000-00-00 00:00:00'),
(575, 17, '', '2024-11-19', '00:00:00', NULL, '00:00:00', NULL, 'Alpa', '2024-11-19 16:59:02', '0000-00-00 00:00:00'),
(576, 18, '', '2024-11-19', '00:00:00', NULL, '00:00:00', NULL, 'Alpa', '2024-11-19 16:59:02', '0000-00-00 00:00:00'),
(577, 13, '', '2024-11-20', '00:00:00', NULL, '00:00:00', NULL, 'Alpa', '2024-11-20 16:59:01', '0000-00-00 00:00:00'),
(578, 14, '', '2024-11-20', '00:00:00', NULL, '00:00:00', NULL, 'Alpa', '2024-11-20 16:59:01', '0000-00-00 00:00:00'),
(579, 17, '', '2024-11-20', '00:00:00', NULL, '00:00:00', NULL, 'Alpa', '2024-11-20 16:59:01', '0000-00-00 00:00:00'),
(580, 18, '', '2024-11-20', '00:00:00', NULL, '00:00:00', NULL, 'Alpa', '2024-11-20 16:59:01', '0000-00-00 00:00:00'),
(581, 13, '', '2024-11-21', '00:00:00', NULL, '00:00:00', NULL, 'Alpa', '2024-11-21 16:59:01', '0000-00-00 00:00:00'),
(582, 14, '', '2024-11-21', '00:00:00', NULL, '00:00:00', NULL, 'Alpa', '2024-11-21 16:59:01', '0000-00-00 00:00:00'),
(583, 17, '', '2024-11-21', '00:00:00', NULL, '00:00:00', NULL, 'Alpa', '2024-11-21 16:59:01', '0000-00-00 00:00:00'),
(584, 18, '', '2024-11-21', '00:00:00', NULL, '00:00:00', NULL, 'Alpa', '2024-11-21 16:59:01', '0000-00-00 00:00:00'),
(585, 13, '', '2024-11-22', '00:00:00', NULL, '00:00:00', NULL, 'Alpa', '2024-11-22 16:59:01', '0000-00-00 00:00:00'),
(586, 14, '', '2024-11-22', '00:00:00', NULL, '00:00:00', NULL, 'Alpa', '2024-11-22 16:59:01', '0000-00-00 00:00:00'),
(587, 17, '', '2024-11-22', '00:00:00', NULL, '00:00:00', NULL, 'Alpa', '2024-11-22 16:59:01', '0000-00-00 00:00:00'),
(588, 18, '', '2024-11-22', '00:00:00', NULL, '00:00:00', NULL, 'Alpa', '2024-11-22 16:59:01', '0000-00-00 00:00:00'),
(589, 13, '', '2024-11-23', '00:00:00', NULL, '00:00:00', NULL, 'Alpa', '2024-11-23 16:59:01', '0000-00-00 00:00:00'),
(590, 14, '', '2024-11-23', '00:00:00', NULL, '00:00:00', NULL, 'Alpa', '2024-11-23 16:59:01', '0000-00-00 00:00:00'),
(591, 17, '', '2024-11-23', '00:00:00', NULL, '00:00:00', NULL, 'Alpa', '2024-11-23 16:59:01', '0000-00-00 00:00:00'),
(592, 18, '', '2024-11-23', '00:00:00', NULL, '00:00:00', NULL, 'Alpa', '2024-11-23 16:59:01', '0000-00-00 00:00:00'),
(593, 13, '', '2024-11-25', '00:00:00', NULL, '00:00:00', NULL, 'Alpa', '2024-11-25 16:59:01', '0000-00-00 00:00:00'),
(594, 14, '', '2024-11-25', '00:00:00', NULL, '00:00:00', NULL, 'Alpa', '2024-11-25 16:59:01', '0000-00-00 00:00:00'),
(595, 17, '', '2024-11-25', '00:00:00', NULL, '00:00:00', NULL, 'Alpa', '2024-11-25 16:59:01', '0000-00-00 00:00:00'),
(596, 18, '', '2024-11-25', '00:00:00', NULL, '00:00:00', NULL, 'Alpa', '2024-11-25 16:59:01', '0000-00-00 00:00:00'),
(597, 13, '', '2024-11-26', '00:00:00', NULL, '00:00:00', NULL, 'Alpa', '2024-11-26 16:59:02', '0000-00-00 00:00:00'),
(598, 14, '', '2024-11-26', '00:00:00', NULL, '00:00:00', NULL, 'Alpa', '2024-11-26 16:59:02', '0000-00-00 00:00:00'),
(599, 17, '', '2024-11-26', '00:00:00', NULL, '00:00:00', NULL, 'Alpa', '2024-11-26 16:59:02', '0000-00-00 00:00:00'),
(600, 18, '', '2024-11-26', '00:00:00', NULL, '00:00:00', NULL, 'Alpa', '2024-11-26 16:59:02', '0000-00-00 00:00:00'),
(601, 13, '', '2024-11-27', '00:00:00', NULL, '00:00:00', NULL, 'Alpa', '2024-11-27 16:59:02', '0000-00-00 00:00:00'),
(602, 14, '', '2024-11-27', '00:00:00', NULL, '00:00:00', NULL, 'Alpa', '2024-11-27 16:59:02', '0000-00-00 00:00:00'),
(603, 17, '', '2024-11-27', '00:00:00', NULL, '00:00:00', NULL, 'Alpa', '2024-11-27 16:59:02', '0000-00-00 00:00:00'),
(604, 18, '', '2024-11-27', '00:00:00', NULL, '00:00:00', NULL, 'Alpa', '2024-11-27 16:59:02', '0000-00-00 00:00:00'),
(605, 13, '', '2024-11-28', '00:00:00', NULL, '00:00:00', NULL, 'Alpa', '2024-11-28 16:59:01', '0000-00-00 00:00:00'),
(606, 14, '', '2024-11-28', '00:00:00', NULL, '00:00:00', NULL, 'Alpa', '2024-11-28 16:59:01', '0000-00-00 00:00:00'),
(607, 17, '', '2024-11-28', '00:00:00', NULL, '00:00:00', NULL, 'Alpa', '2024-11-28 16:59:01', '0000-00-00 00:00:00'),
(608, 18, '', '2024-11-28', '00:00:00', NULL, '00:00:00', NULL, 'Alpa', '2024-11-28 16:59:01', '0000-00-00 00:00:00'),
(609, 13, '', '2024-11-29', '00:00:00', NULL, '00:00:00', NULL, 'Alpa', '2024-11-29 16:59:01', '0000-00-00 00:00:00'),
(610, 14, '', '2024-11-29', '00:00:00', NULL, '00:00:00', NULL, 'Alpa', '2024-11-29 16:59:01', '0000-00-00 00:00:00'),
(611, 17, '', '2024-11-29', '00:00:00', NULL, '00:00:00', NULL, 'Alpa', '2024-11-29 16:59:01', '0000-00-00 00:00:00'),
(612, 18, '', '2024-11-29', '00:00:00', NULL, '00:00:00', NULL, 'Alpa', '2024-11-29 16:59:01', '0000-00-00 00:00:00'),
(613, 13, '', '2024-11-30', '00:00:00', NULL, '00:00:00', NULL, 'Alpa', '2024-11-30 16:59:01', '0000-00-00 00:00:00'),
(614, 14, '', '2024-11-30', '00:00:00', NULL, '00:00:00', NULL, 'Alpa', '2024-11-30 16:59:01', '0000-00-00 00:00:00'),
(615, 17, '', '2024-11-30', '00:00:00', NULL, '00:00:00', NULL, 'Alpa', '2024-11-30 16:59:01', '0000-00-00 00:00:00'),
(616, 18, '', '2024-11-30', '00:00:00', NULL, '00:00:00', NULL, 'Alpa', '2024-11-30 16:59:01', '0000-00-00 00:00:00'),
(617, 13, '', '2024-12-02', '00:00:00', NULL, '00:00:00', NULL, 'Alpa', '2024-12-02 16:59:01', '0000-00-00 00:00:00'),
(618, 14, '', '2024-12-02', '00:00:00', NULL, '00:00:00', NULL, 'Alpa', '2024-12-02 16:59:01', '0000-00-00 00:00:00'),
(619, 17, '', '2024-12-02', '00:00:00', NULL, '00:00:00', NULL, 'Alpa', '2024-12-02 16:59:01', '0000-00-00 00:00:00'),
(620, 18, '', '2024-12-02', '00:00:00', NULL, '00:00:00', NULL, 'Alpa', '2024-12-02 16:59:01', '0000-00-00 00:00:00'),
(621, 13, '', '2024-12-03', '00:00:00', NULL, '00:00:00', NULL, 'Alpa', '2024-12-03 16:59:02', '0000-00-00 00:00:00'),
(622, 14, '', '2024-12-03', '00:00:00', NULL, '00:00:00', NULL, 'Alpa', '2024-12-03 16:59:02', '0000-00-00 00:00:00'),
(623, 17, '', '2024-12-03', '00:00:00', NULL, '00:00:00', NULL, 'Alpa', '2024-12-03 16:59:02', '0000-00-00 00:00:00'),
(624, 18, '', '2024-12-03', '00:00:00', NULL, '00:00:00', NULL, 'Alpa', '2024-12-03 16:59:02', '0000-00-00 00:00:00'),
(625, 13, '', '2024-12-04', '00:00:00', NULL, '00:00:00', NULL, 'Alpa', '2024-12-04 16:59:02', '0000-00-00 00:00:00'),
(626, 14, '', '2024-12-04', '00:00:00', NULL, '00:00:00', NULL, 'Alpa', '2024-12-04 16:59:02', '0000-00-00 00:00:00'),
(627, 17, '', '2024-12-04', '00:00:00', NULL, '00:00:00', NULL, 'Alpa', '2024-12-04 16:59:02', '0000-00-00 00:00:00'),
(628, 18, '', '2024-12-04', '00:00:00', NULL, '00:00:00', NULL, 'Alpa', '2024-12-04 16:59:02', '0000-00-00 00:00:00'),
(629, 13, '', '2024-12-05', '00:00:00', NULL, '00:00:00', NULL, 'Alpa', '2024-12-05 16:59:01', '0000-00-00 00:00:00'),
(630, 14, '', '2024-12-05', '00:00:00', NULL, '00:00:00', NULL, 'Alpa', '2024-12-05 16:59:01', '0000-00-00 00:00:00'),
(631, 17, '', '2024-12-05', '00:00:00', NULL, '00:00:00', NULL, 'Alpa', '2024-12-05 16:59:01', '0000-00-00 00:00:00'),
(632, 18, '', '2024-12-05', '00:00:00', NULL, '00:00:00', NULL, 'Alpa', '2024-12-05 16:59:01', '0000-00-00 00:00:00'),
(633, 13, '', '2024-12-06', '00:00:00', NULL, '00:00:00', NULL, 'Alpa', '2024-12-06 16:59:01', '0000-00-00 00:00:00'),
(634, 14, '', '2024-12-06', '00:00:00', NULL, '00:00:00', NULL, 'Alpa', '2024-12-06 16:59:01', '0000-00-00 00:00:00'),
(635, 17, '', '2024-12-06', '00:00:00', NULL, '00:00:00', NULL, 'Alpa', '2024-12-06 16:59:01', '0000-00-00 00:00:00'),
(636, 18, '', '2024-12-06', '00:00:00', NULL, '00:00:00', NULL, 'Alpa', '2024-12-06 16:59:01', '0000-00-00 00:00:00'),
(637, 13, '', '2024-12-07', '00:00:00', NULL, '00:00:00', NULL, 'Alpa', '2024-12-07 16:59:02', '0000-00-00 00:00:00'),
(638, 14, '', '2024-12-07', '00:00:00', NULL, '00:00:00', NULL, 'Alpa', '2024-12-07 16:59:02', '0000-00-00 00:00:00'),
(639, 17, '', '2024-12-07', '00:00:00', NULL, '00:00:00', NULL, 'Alpa', '2024-12-07 16:59:02', '0000-00-00 00:00:00'),
(640, 18, '', '2024-12-07', '00:00:00', NULL, '00:00:00', NULL, 'Alpa', '2024-12-07 16:59:02', '0000-00-00 00:00:00'),
(641, 13, '', '2024-12-09', '00:00:00', NULL, '00:00:00', NULL, 'Alpa', '2024-12-09 16:59:01', '0000-00-00 00:00:00'),
(642, 14, '', '2024-12-09', '00:00:00', NULL, '00:00:00', NULL, 'Alpa', '2024-12-09 16:59:02', '0000-00-00 00:00:00'),
(643, 17, '', '2024-12-09', '00:00:00', NULL, '00:00:00', NULL, 'Alpa', '2024-12-09 16:59:02', '0000-00-00 00:00:00'),
(644, 18, '', '2024-12-09', '00:00:00', NULL, '00:00:00', NULL, 'Alpa', '2024-12-09 16:59:02', '0000-00-00 00:00:00'),
(645, 13, '', '2024-12-10', '00:00:00', NULL, '00:00:00', NULL, 'Alpa', '2024-12-10 16:59:01', '0000-00-00 00:00:00'),
(646, 14, '', '2024-12-10', '00:00:00', NULL, '00:00:00', NULL, 'Alpa', '2024-12-10 16:59:01', '0000-00-00 00:00:00'),
(647, 17, '', '2024-12-10', '00:00:00', NULL, '00:00:00', NULL, 'Alpa', '2024-12-10 16:59:01', '0000-00-00 00:00:00'),
(648, 18, '', '2024-12-10', '00:00:00', NULL, '00:00:00', NULL, 'Alpa', '2024-12-10 16:59:01', '0000-00-00 00:00:00'),
(649, 13, '', '2024-12-11', '00:00:00', NULL, '00:00:00', NULL, 'Alpa', '2024-12-11 16:59:02', '0000-00-00 00:00:00'),
(650, 14, '', '2024-12-11', '00:00:00', NULL, '00:00:00', NULL, 'Alpa', '2024-12-11 16:59:02', '0000-00-00 00:00:00'),
(651, 17, '', '2024-12-11', '00:00:00', NULL, '00:00:00', NULL, 'Alpa', '2024-12-11 16:59:02', '0000-00-00 00:00:00'),
(652, 18, '', '2024-12-11', '00:00:00', NULL, '00:00:00', NULL, 'Alpa', '2024-12-11 16:59:02', '0000-00-00 00:00:00'),
(653, 13, '', '2024-12-12', '00:00:00', NULL, '00:00:00', NULL, 'Alpa', '2024-12-12 16:59:01', '0000-00-00 00:00:00'),
(654, 14, '', '2024-12-12', '00:00:00', NULL, '00:00:00', NULL, 'Alpa', '2024-12-12 16:59:01', '0000-00-00 00:00:00'),
(655, 17, '', '2024-12-12', '00:00:00', NULL, '00:00:00', NULL, 'Alpa', '2024-12-12 16:59:01', '0000-00-00 00:00:00'),
(656, 18, '', '2024-12-12', '00:00:00', NULL, '00:00:00', NULL, 'Alpa', '2024-12-12 16:59:01', '0000-00-00 00:00:00'),
(657, 13, '', '2024-12-13', '00:00:00', NULL, '00:00:00', NULL, 'Alpa', '2024-12-13 16:59:01', '0000-00-00 00:00:00'),
(658, 14, '', '2024-12-13', '00:00:00', NULL, '00:00:00', NULL, 'Alpa', '2024-12-13 16:59:01', '0000-00-00 00:00:00'),
(659, 17, '', '2024-12-13', '00:00:00', NULL, '00:00:00', NULL, 'Alpa', '2024-12-13 16:59:01', '0000-00-00 00:00:00'),
(660, 18, '', '2024-12-13', '00:00:00', NULL, '00:00:00', NULL, 'Alpa', '2024-12-13 16:59:01', '0000-00-00 00:00:00'),
(661, 13, '', '2024-12-14', '00:00:00', NULL, '00:00:00', NULL, 'Alpa', '2024-12-14 16:59:01', '0000-00-00 00:00:00'),
(662, 14, '', '2024-12-14', '00:00:00', NULL, '00:00:00', NULL, 'Alpa', '2024-12-14 16:59:01', '0000-00-00 00:00:00'),
(663, 17, '', '2024-12-14', '00:00:00', NULL, '00:00:00', NULL, 'Alpa', '2024-12-14 16:59:01', '0000-00-00 00:00:00'),
(664, 18, '', '2024-12-14', '00:00:00', NULL, '00:00:00', NULL, 'Alpa', '2024-12-14 16:59:01', '0000-00-00 00:00:00'),
(665, 13, '', '2024-12-16', '00:00:00', NULL, '00:00:00', NULL, 'Alpa', '2024-12-16 16:59:01', '0000-00-00 00:00:00'),
(666, 14, '', '2024-12-16', '00:00:00', NULL, '00:00:00', NULL, 'Alpa', '2024-12-16 16:59:01', '0000-00-00 00:00:00'),
(667, 17, '', '2024-12-16', '00:00:00', NULL, '00:00:00', NULL, 'Alpa', '2024-12-16 16:59:01', '0000-00-00 00:00:00'),
(668, 18, '', '2024-12-16', '00:00:00', NULL, '00:00:00', NULL, 'Alpa', '2024-12-16 16:59:01', '0000-00-00 00:00:00'),
(669, 13, '', '2024-12-17', '00:00:00', NULL, '00:00:00', NULL, 'Alpa', '2024-12-17 16:59:01', '0000-00-00 00:00:00'),
(670, 14, '', '2024-12-17', '00:00:00', NULL, '00:00:00', NULL, 'Alpa', '2024-12-17 16:59:01', '0000-00-00 00:00:00'),
(671, 17, '', '2024-12-17', '00:00:00', NULL, '00:00:00', NULL, 'Alpa', '2024-12-17 16:59:01', '0000-00-00 00:00:00'),
(672, 18, '', '2024-12-17', '00:00:00', NULL, '00:00:00', NULL, 'Alpa', '2024-12-17 16:59:01', '0000-00-00 00:00:00'),
(673, 13, '', '2024-12-18', '00:00:00', NULL, '00:00:00', NULL, 'Alpa', '2024-12-18 16:59:01', '0000-00-00 00:00:00'),
(674, 14, '', '2024-12-18', '00:00:00', NULL, '00:00:00', NULL, 'Alpa', '2024-12-18 16:59:01', '0000-00-00 00:00:00'),
(675, 17, '', '2024-12-18', '00:00:00', NULL, '00:00:00', NULL, 'Alpa', '2024-12-18 16:59:01', '0000-00-00 00:00:00'),
(676, 18, '', '2024-12-18', '00:00:00', NULL, '00:00:00', NULL, 'Alpa', '2024-12-18 16:59:01', '0000-00-00 00:00:00'),
(677, 13, '', '2024-12-19', '00:00:00', NULL, '00:00:00', NULL, 'Alpa', '2024-12-19 16:59:01', '0000-00-00 00:00:00'),
(678, 14, '', '2024-12-19', '00:00:00', NULL, '00:00:00', NULL, 'Alpa', '2024-12-19 16:59:01', '0000-00-00 00:00:00'),
(679, 17, '', '2024-12-19', '00:00:00', NULL, '00:00:00', NULL, 'Alpa', '2024-12-19 16:59:01', '0000-00-00 00:00:00'),
(680, 18, '', '2024-12-19', '00:00:00', NULL, '00:00:00', NULL, 'Alpa', '2024-12-19 16:59:01', '0000-00-00 00:00:00'),
(681, 13, '', '2024-12-20', '00:00:00', NULL, '00:00:00', NULL, 'Alpa', '2024-12-20 16:59:02', '0000-00-00 00:00:00'),
(682, 14, '', '2024-12-20', '00:00:00', NULL, '00:00:00', NULL, 'Alpa', '2024-12-20 16:59:02', '0000-00-00 00:00:00'),
(683, 17, '', '2024-12-20', '00:00:00', NULL, '00:00:00', NULL, 'Alpa', '2024-12-20 16:59:02', '0000-00-00 00:00:00'),
(684, 18, '', '2024-12-20', '00:00:00', NULL, '00:00:00', NULL, 'Alpa', '2024-12-20 16:59:02', '0000-00-00 00:00:00'),
(685, 13, '', '2024-12-21', '00:00:00', NULL, '00:00:00', NULL, 'Alpa', '2024-12-21 16:59:02', '0000-00-00 00:00:00'),
(686, 14, '', '2024-12-21', '00:00:00', NULL, '00:00:00', NULL, 'Alpa', '2024-12-21 16:59:02', '0000-00-00 00:00:00'),
(687, 17, '', '2024-12-21', '00:00:00', NULL, '00:00:00', NULL, 'Alpa', '2024-12-21 16:59:02', '0000-00-00 00:00:00'),
(688, 18, '', '2024-12-21', '00:00:00', NULL, '00:00:00', NULL, 'Alpa', '2024-12-21 16:59:02', '0000-00-00 00:00:00'),
(689, 13, '', '2024-12-23', '00:00:00', NULL, '00:00:00', NULL, 'Alpa', '2024-12-23 16:59:01', '0000-00-00 00:00:00'),
(690, 14, '', '2024-12-23', '00:00:00', NULL, '00:00:00', NULL, 'Alpa', '2024-12-23 16:59:02', '0000-00-00 00:00:00'),
(691, 17, '', '2024-12-23', '00:00:00', NULL, '00:00:00', NULL, 'Alpa', '2024-12-23 16:59:02', '0000-00-00 00:00:00'),
(692, 18, '', '2024-12-23', '00:00:00', NULL, '00:00:00', NULL, 'Alpa', '2024-12-23 16:59:02', '0000-00-00 00:00:00'),
(693, 13, '', '2024-12-24', '00:00:00', NULL, '00:00:00', NULL, 'Alpa', '2024-12-24 16:59:02', '0000-00-00 00:00:00'),
(694, 14, '', '2024-12-24', '00:00:00', NULL, '00:00:00', NULL, 'Alpa', '2024-12-24 16:59:02', '0000-00-00 00:00:00'),
(695, 17, '', '2024-12-24', '00:00:00', NULL, '00:00:00', NULL, 'Alpa', '2024-12-24 16:59:02', '0000-00-00 00:00:00'),
(696, 18, '', '2024-12-24', '00:00:00', NULL, '00:00:00', NULL, 'Alpa', '2024-12-24 16:59:02', '0000-00-00 00:00:00'),
(697, 13, '', '2024-12-25', '00:00:00', NULL, '00:00:00', NULL, 'Alpa', '2024-12-25 16:59:01', '0000-00-00 00:00:00'),
(698, 14, '', '2024-12-25', '00:00:00', NULL, '00:00:00', NULL, 'Alpa', '2024-12-25 16:59:01', '0000-00-00 00:00:00'),
(699, 17, '', '2024-12-25', '00:00:00', NULL, '00:00:00', NULL, 'Alpa', '2024-12-25 16:59:01', '0000-00-00 00:00:00'),
(700, 18, '', '2024-12-25', '00:00:00', NULL, '00:00:00', NULL, 'Alpa', '2024-12-25 16:59:02', '0000-00-00 00:00:00'),
(701, 13, '', '2024-12-26', '00:00:00', NULL, '00:00:00', NULL, 'Alpa', '2024-12-26 16:59:01', '0000-00-00 00:00:00'),
(702, 14, '', '2024-12-26', '00:00:00', NULL, '00:00:00', NULL, 'Alpa', '2024-12-26 16:59:02', '0000-00-00 00:00:00'),
(703, 17, '', '2024-12-26', '00:00:00', NULL, '00:00:00', NULL, 'Alpa', '2024-12-26 16:59:02', '0000-00-00 00:00:00'),
(704, 18, '', '2024-12-26', '00:00:00', NULL, '00:00:00', NULL, 'Alpa', '2024-12-26 16:59:02', '0000-00-00 00:00:00'),
(705, 13, '', '2024-12-27', '00:00:00', NULL, '00:00:00', NULL, 'Alpa', '2024-12-27 16:59:01', '0000-00-00 00:00:00'),
(706, 14, '', '2024-12-27', '00:00:00', NULL, '00:00:00', NULL, 'Alpa', '2024-12-27 16:59:01', '0000-00-00 00:00:00'),
(707, 17, '', '2024-12-27', '00:00:00', NULL, '00:00:00', NULL, 'Alpa', '2024-12-27 16:59:01', '0000-00-00 00:00:00'),
(708, 18, '', '2024-12-27', '00:00:00', NULL, '00:00:00', NULL, 'Alpa', '2024-12-27 16:59:01', '0000-00-00 00:00:00'),
(709, 13, '', '2024-12-28', '00:00:00', NULL, '00:00:00', NULL, 'Alpa', '2024-12-28 16:59:01', '0000-00-00 00:00:00'),
(710, 14, '', '2024-12-28', '00:00:00', NULL, '00:00:00', NULL, 'Alpa', '2024-12-28 16:59:01', '0000-00-00 00:00:00'),
(711, 17, '', '2024-12-28', '00:00:00', NULL, '00:00:00', NULL, 'Alpa', '2024-12-28 16:59:01', '0000-00-00 00:00:00'),
(712, 18, '', '2024-12-28', '00:00:00', NULL, '00:00:00', NULL, 'Alpa', '2024-12-28 16:59:01', '0000-00-00 00:00:00'),
(713, 13, '', '2024-12-30', '00:00:00', NULL, '00:00:00', NULL, 'Alpa', '2024-12-30 16:59:01', '0000-00-00 00:00:00'),
(714, 14, '', '2024-12-30', '00:00:00', NULL, '00:00:00', NULL, 'Alpa', '2024-12-30 16:59:01', '0000-00-00 00:00:00'),
(715, 17, '', '2024-12-30', '00:00:00', NULL, '00:00:00', NULL, 'Alpa', '2024-12-30 16:59:01', '0000-00-00 00:00:00'),
(716, 18, '', '2024-12-30', '00:00:00', NULL, '00:00:00', NULL, 'Alpa', '2024-12-30 16:59:01', '0000-00-00 00:00:00'),
(717, 13, '', '2024-12-31', '00:00:00', NULL, '00:00:00', NULL, 'Alpa', '2024-12-31 16:59:01', '0000-00-00 00:00:00'),
(718, 14, '', '2024-12-31', '00:00:00', NULL, '00:00:00', NULL, 'Alpa', '2024-12-31 16:59:01', '0000-00-00 00:00:00'),
(719, 17, '', '2024-12-31', '00:00:00', NULL, '00:00:00', NULL, 'Alpa', '2024-12-31 16:59:01', '0000-00-00 00:00:00'),
(720, 18, '', '2024-12-31', '00:00:00', NULL, '00:00:00', NULL, 'Alpa', '2024-12-31 16:59:01', '0000-00-00 00:00:00'),
(721, 13, '', '2025-01-01', '00:00:00', NULL, '00:00:00', NULL, 'Alpa', '2025-01-01 16:59:02', '0000-00-00 00:00:00'),
(722, 14, '', '2025-01-01', '00:00:00', NULL, '00:00:00', NULL, 'Alpa', '2025-01-01 16:59:03', '0000-00-00 00:00:00'),
(723, 17, '', '2025-01-01', '00:00:00', NULL, '00:00:00', NULL, 'Alpa', '2025-01-01 16:59:03', '0000-00-00 00:00:00'),
(724, 18, '', '2025-01-01', '00:00:00', NULL, '00:00:00', NULL, 'Alpa', '2025-01-01 16:59:03', '0000-00-00 00:00:00'),
(725, 13, '', '2025-01-02', '00:00:00', NULL, '00:00:00', NULL, 'Alpa', '2025-01-02 16:59:01', '0000-00-00 00:00:00'),
(726, 14, '', '2025-01-02', '00:00:00', NULL, '00:00:00', NULL, 'Alpa', '2025-01-02 16:59:01', '0000-00-00 00:00:00'),
(727, 17, '', '2025-01-02', '00:00:00', NULL, '00:00:00', NULL, 'Alpa', '2025-01-02 16:59:01', '0000-00-00 00:00:00'),
(728, 18, '', '2025-01-02', '00:00:00', NULL, '00:00:00', NULL, 'Alpa', '2025-01-02 16:59:01', '0000-00-00 00:00:00'),
(729, 13, '', '2025-01-03', '00:00:00', NULL, '00:00:00', NULL, 'Alpa', '2025-01-03 16:59:01', '0000-00-00 00:00:00'),
(730, 14, '', '2025-01-03', '00:00:00', NULL, '00:00:00', NULL, 'Alpa', '2025-01-03 16:59:02', '0000-00-00 00:00:00'),
(731, 17, '', '2025-01-03', '00:00:00', NULL, '00:00:00', NULL, 'Alpa', '2025-01-03 16:59:02', '0000-00-00 00:00:00'),
(732, 18, '', '2025-01-03', '00:00:00', NULL, '00:00:00', NULL, 'Alpa', '2025-01-03 16:59:02', '0000-00-00 00:00:00'),
(733, 13, '', '2025-01-04', '00:00:00', NULL, '00:00:00', NULL, 'Alpa', '2025-01-04 16:59:02', '0000-00-00 00:00:00'),
(734, 14, '', '2025-01-04', '00:00:00', NULL, '00:00:00', NULL, 'Alpa', '2025-01-04 16:59:02', '0000-00-00 00:00:00'),
(735, 17, '', '2025-01-04', '00:00:00', NULL, '00:00:00', NULL, 'Alpa', '2025-01-04 16:59:02', '0000-00-00 00:00:00'),
(736, 18, '', '2025-01-04', '00:00:00', NULL, '00:00:00', NULL, 'Alpa', '2025-01-04 16:59:02', '0000-00-00 00:00:00'),
(737, 13, '', '2025-01-06', '00:00:00', NULL, '00:00:00', NULL, 'Alpa', '2025-01-06 16:59:02', '0000-00-00 00:00:00'),
(738, 14, '', '2025-01-06', '00:00:00', NULL, '00:00:00', NULL, 'Alpa', '2025-01-06 16:59:02', '0000-00-00 00:00:00'),
(739, 17, '', '2025-01-06', '00:00:00', NULL, '00:00:00', NULL, 'Alpa', '2025-01-06 16:59:02', '0000-00-00 00:00:00'),
(740, 18, '', '2025-01-06', '00:00:00', NULL, '00:00:00', NULL, 'Alpa', '2025-01-06 16:59:02', '0000-00-00 00:00:00'),
(741, 13, '', '2025-01-07', '00:00:00', NULL, '00:00:00', NULL, 'Alpa', '2025-01-07 16:59:02', '0000-00-00 00:00:00'),
(742, 14, '', '2025-01-07', '00:00:00', NULL, '00:00:00', NULL, 'Alpa', '2025-01-07 16:59:02', '0000-00-00 00:00:00'),
(743, 17, '', '2025-01-07', '00:00:00', NULL, '00:00:00', NULL, 'Alpa', '2025-01-07 16:59:02', '0000-00-00 00:00:00'),
(744, 18, '', '2025-01-07', '00:00:00', NULL, '00:00:00', NULL, 'Alpa', '2025-01-07 16:59:02', '0000-00-00 00:00:00'),
(745, 13, '', '2025-01-08', '00:00:00', NULL, '00:00:00', NULL, 'Alpa', '2025-01-08 16:59:02', '0000-00-00 00:00:00'),
(746, 14, '', '2025-01-08', '00:00:00', NULL, '00:00:00', NULL, 'Alpa', '2025-01-08 16:59:02', '0000-00-00 00:00:00'),
(747, 17, '', '2025-01-08', '00:00:00', NULL, '00:00:00', NULL, 'Alpa', '2025-01-08 16:59:02', '0000-00-00 00:00:00'),
(748, 18, '', '2025-01-08', '00:00:00', NULL, '00:00:00', NULL, 'Alpa', '2025-01-08 16:59:02', '0000-00-00 00:00:00'),
(749, 13, '', '2025-01-09', '00:00:00', NULL, '00:00:00', NULL, 'Alpa', '2025-01-09 16:59:01', '0000-00-00 00:00:00'),
(750, 14, '', '2025-01-09', '00:00:00', NULL, '00:00:00', NULL, 'Alpa', '2025-01-09 16:59:01', '0000-00-00 00:00:00'),
(751, 17, '', '2025-01-09', '00:00:00', NULL, '00:00:00', NULL, 'Alpa', '2025-01-09 16:59:01', '0000-00-00 00:00:00'),
(752, 18, '', '2025-01-09', '00:00:00', NULL, '00:00:00', NULL, 'Alpa', '2025-01-09 16:59:01', '0000-00-00 00:00:00'),
(753, 13, '', '2025-01-10', '00:00:00', NULL, '00:00:00', NULL, 'Alpa', '2025-01-10 16:59:02', '0000-00-00 00:00:00'),
(754, 14, '', '2025-01-10', '00:00:00', NULL, '00:00:00', NULL, 'Alpa', '2025-01-10 16:59:02', '0000-00-00 00:00:00'),
(755, 17, '', '2025-01-10', '00:00:00', NULL, '00:00:00', NULL, 'Alpa', '2025-01-10 16:59:03', '0000-00-00 00:00:00'),
(756, 18, '', '2025-01-10', '00:00:00', NULL, '00:00:00', NULL, 'Alpa', '2025-01-10 16:59:03', '0000-00-00 00:00:00'),
(757, 13, '', '2025-01-11', '00:00:00', NULL, '00:00:00', NULL, 'Alpa', '2025-01-11 16:59:02', '0000-00-00 00:00:00'),
(758, 14, '', '2025-01-11', '00:00:00', NULL, '00:00:00', NULL, 'Alpa', '2025-01-11 16:59:02', '0000-00-00 00:00:00'),
(759, 17, '', '2025-01-11', '00:00:00', NULL, '00:00:00', NULL, 'Alpa', '2025-01-11 16:59:02', '0000-00-00 00:00:00'),
(760, 18, '', '2025-01-11', '00:00:00', NULL, '00:00:00', NULL, 'Alpa', '2025-01-11 16:59:02', '0000-00-00 00:00:00'),
(761, 13, '', '2025-01-13', '00:00:00', NULL, '00:00:00', NULL, 'Alpa', '2025-01-13 16:59:02', '0000-00-00 00:00:00'),
(762, 14, '', '2025-01-13', '00:00:00', NULL, '00:00:00', NULL, 'Alpa', '2025-01-13 16:59:02', '0000-00-00 00:00:00'),
(763, 17, '', '2025-01-13', '00:00:00', NULL, '00:00:00', NULL, 'Alpa', '2025-01-13 16:59:02', '0000-00-00 00:00:00'),
(764, 18, '', '2025-01-13', '00:00:00', NULL, '00:00:00', NULL, 'Alpa', '2025-01-13 16:59:02', '0000-00-00 00:00:00'),
(765, 13, '', '2025-01-14', '00:00:00', NULL, '00:00:00', NULL, 'Alpa', '2025-01-14 16:59:01', '0000-00-00 00:00:00'),
(766, 14, '', '2025-01-14', '00:00:00', NULL, '00:00:00', NULL, 'Alpa', '2025-01-14 16:59:01', '0000-00-00 00:00:00'),
(767, 17, '', '2025-01-14', '00:00:00', NULL, '00:00:00', NULL, 'Alpa', '2025-01-14 16:59:01', '0000-00-00 00:00:00'),
(768, 18, '', '2025-01-14', '00:00:00', NULL, '00:00:00', NULL, 'Alpa', '2025-01-14 16:59:01', '0000-00-00 00:00:00'),
(769, 13, '', '2025-01-15', '00:00:00', NULL, '00:00:00', NULL, 'Alpa', '2025-01-15 16:59:01', '0000-00-00 00:00:00'),
(770, 14, '', '2025-01-15', '00:00:00', NULL, '00:00:00', NULL, 'Alpa', '2025-01-15 16:59:01', '0000-00-00 00:00:00'),
(771, 17, '', '2025-01-15', '00:00:00', NULL, '00:00:00', NULL, 'Alpa', '2025-01-15 16:59:01', '0000-00-00 00:00:00'),
(772, 18, '', '2025-01-15', '00:00:00', NULL, '00:00:00', NULL, 'Alpa', '2025-01-15 16:59:01', '0000-00-00 00:00:00'),
(773, 13, '', '2025-01-16', '00:00:00', NULL, '00:00:00', NULL, 'Alpa', '2025-01-16 16:59:01', '0000-00-00 00:00:00'),
(774, 14, '', '2025-01-16', '00:00:00', NULL, '00:00:00', NULL, 'Alpa', '2025-01-16 16:59:01', '0000-00-00 00:00:00'),
(775, 17, '', '2025-01-16', '00:00:00', NULL, '00:00:00', NULL, 'Alpa', '2025-01-16 16:59:01', '0000-00-00 00:00:00'),
(776, 18, '', '2025-01-16', '00:00:00', NULL, '00:00:00', NULL, 'Alpa', '2025-01-16 16:59:02', '0000-00-00 00:00:00'),
(777, 13, '', '2025-01-17', '00:00:00', NULL, '00:00:00', NULL, 'Alpa', '2025-01-17 16:59:02', '0000-00-00 00:00:00'),
(778, 14, '', '2025-01-17', '00:00:00', NULL, '00:00:00', NULL, 'Alpa', '2025-01-17 16:59:02', '0000-00-00 00:00:00'),
(779, 17, '', '2025-01-17', '00:00:00', NULL, '00:00:00', NULL, 'Alpa', '2025-01-17 16:59:02', '0000-00-00 00:00:00'),
(780, 18, '', '2025-01-17', '00:00:00', NULL, '00:00:00', NULL, 'Alpa', '2025-01-17 16:59:02', '0000-00-00 00:00:00'),
(781, 13, '', '2025-01-18', '00:00:00', NULL, '00:00:00', NULL, 'Alpa', '2025-01-18 16:59:01', '0000-00-00 00:00:00'),
(782, 14, '', '2025-01-18', '00:00:00', NULL, '00:00:00', NULL, 'Alpa', '2025-01-18 16:59:02', '0000-00-00 00:00:00'),
(783, 17, '', '2025-01-18', '00:00:00', NULL, '00:00:00', NULL, 'Alpa', '2025-01-18 16:59:02', '0000-00-00 00:00:00'),
(784, 18, '', '2025-01-18', '00:00:00', NULL, '00:00:00', NULL, 'Alpa', '2025-01-18 16:59:02', '0000-00-00 00:00:00'),
(785, 13, '', '2025-01-20', '00:00:00', NULL, '00:00:00', NULL, 'Alpa', '2025-01-20 16:59:01', '0000-00-00 00:00:00'),
(786, 14, '', '2025-01-20', '00:00:00', NULL, '00:00:00', NULL, 'Alpa', '2025-01-20 16:59:01', '0000-00-00 00:00:00'),
(787, 17, '', '2025-01-20', '00:00:00', NULL, '00:00:00', NULL, 'Alpa', '2025-01-20 16:59:01', '0000-00-00 00:00:00'),
(788, 18, '', '2025-01-20', '00:00:00', NULL, '00:00:00', NULL, 'Alpa', '2025-01-20 16:59:01', '0000-00-00 00:00:00'),
(789, 13, '', '2025-01-21', '00:00:00', NULL, '00:00:00', NULL, 'Alpa', '2025-01-21 16:59:01', '0000-00-00 00:00:00'),
(790, 14, '', '2025-01-21', '00:00:00', NULL, '00:00:00', NULL, 'Alpa', '2025-01-21 16:59:01', '0000-00-00 00:00:00'),
(791, 17, '', '2025-01-21', '00:00:00', NULL, '00:00:00', NULL, 'Alpa', '2025-01-21 16:59:01', '0000-00-00 00:00:00'),
(792, 18, '', '2025-01-21', '00:00:00', NULL, '00:00:00', NULL, 'Alpa', '2025-01-21 16:59:01', '0000-00-00 00:00:00'),
(793, 13, '', '2025-01-22', '00:00:00', NULL, '00:00:00', NULL, 'Alpa', '2025-01-22 16:59:02', '0000-00-00 00:00:00'),
(794, 14, '', '2025-01-22', '00:00:00', NULL, '00:00:00', NULL, 'Alpa', '2025-01-22 16:59:02', '0000-00-00 00:00:00'),
(795, 17, '', '2025-01-22', '00:00:00', NULL, '00:00:00', NULL, 'Alpa', '2025-01-22 16:59:02', '0000-00-00 00:00:00'),
(796, 18, '', '2025-01-22', '00:00:00', NULL, '00:00:00', NULL, 'Alpa', '2025-01-22 16:59:02', '0000-00-00 00:00:00'),
(797, 13, '', '2025-01-23', '00:00:00', NULL, '00:00:00', NULL, 'Alpa', '2025-01-23 16:59:01', '0000-00-00 00:00:00'),
(798, 14, '', '2025-01-23', '00:00:00', NULL, '00:00:00', NULL, 'Alpa', '2025-01-23 16:59:01', '0000-00-00 00:00:00'),
(799, 17, '', '2025-01-23', '00:00:00', NULL, '00:00:00', NULL, 'Alpa', '2025-01-23 16:59:01', '0000-00-00 00:00:00'),
(800, 18, '', '2025-01-23', '00:00:00', NULL, '00:00:00', NULL, 'Alpa', '2025-01-23 16:59:01', '0000-00-00 00:00:00'),
(801, 13, '', '2025-01-24', '00:00:00', NULL, '00:00:00', NULL, 'Alpa', '2025-01-24 16:59:02', '0000-00-00 00:00:00'),
(802, 14, '', '2025-01-24', '00:00:00', NULL, '00:00:00', NULL, 'Alpa', '2025-01-24 16:59:02', '0000-00-00 00:00:00'),
(803, 17, '', '2025-01-24', '00:00:00', NULL, '00:00:00', NULL, 'Alpa', '2025-01-24 16:59:02', '0000-00-00 00:00:00'),
(804, 18, '', '2025-01-24', '00:00:00', NULL, '00:00:00', NULL, 'Alpa', '2025-01-24 16:59:02', '0000-00-00 00:00:00'),
(805, 13, '', '2025-01-25', '00:00:00', NULL, '00:00:00', NULL, 'Alpa', '2025-01-25 16:59:01', '0000-00-00 00:00:00'),
(806, 14, '', '2025-01-25', '00:00:00', NULL, '00:00:00', NULL, 'Alpa', '2025-01-25 16:59:01', '0000-00-00 00:00:00'),
(807, 17, '', '2025-01-25', '00:00:00', NULL, '00:00:00', NULL, 'Alpa', '2025-01-25 16:59:01', '0000-00-00 00:00:00'),
(808, 18, '', '2025-01-25', '00:00:00', NULL, '00:00:00', NULL, 'Alpa', '2025-01-25 16:59:01', '0000-00-00 00:00:00'),
(809, 13, '', '2025-01-27', '00:00:00', NULL, '00:00:00', NULL, 'Alpa', '2025-01-27 16:59:01', '0000-00-00 00:00:00'),
(810, 14, '', '2025-01-27', '00:00:00', NULL, '00:00:00', NULL, 'Alpa', '2025-01-27 16:59:01', '0000-00-00 00:00:00'),
(811, 17, '', '2025-01-27', '00:00:00', NULL, '00:00:00', NULL, 'Alpa', '2025-01-27 16:59:01', '0000-00-00 00:00:00'),
(812, 18, '', '2025-01-27', '00:00:00', NULL, '00:00:00', NULL, 'Alpa', '2025-01-27 16:59:01', '0000-00-00 00:00:00'),
(813, 13, '', '2025-01-28', '00:00:00', NULL, '00:00:00', NULL, 'Alpa', '2025-01-28 16:59:01', '0000-00-00 00:00:00'),
(814, 14, '', '2025-01-28', '00:00:00', NULL, '00:00:00', NULL, 'Alpa', '2025-01-28 16:59:01', '0000-00-00 00:00:00'),
(815, 17, '', '2025-01-28', '00:00:00', NULL, '00:00:00', NULL, 'Alpa', '2025-01-28 16:59:01', '0000-00-00 00:00:00'),
(816, 18, '', '2025-01-28', '00:00:00', NULL, '00:00:00', NULL, 'Alpa', '2025-01-28 16:59:01', '0000-00-00 00:00:00'),
(817, 13, '', '2025-01-29', '00:00:00', NULL, '00:00:00', NULL, 'Alpa', '2025-01-29 16:59:01', '0000-00-00 00:00:00'),
(818, 14, '', '2025-01-29', '00:00:00', NULL, '00:00:00', NULL, 'Alpa', '2025-01-29 16:59:01', '0000-00-00 00:00:00'),
(819, 17, '', '2025-01-29', '00:00:00', NULL, '00:00:00', NULL, 'Alpa', '2025-01-29 16:59:01', '0000-00-00 00:00:00'),
(820, 18, '', '2025-01-29', '00:00:00', NULL, '00:00:00', NULL, 'Alpa', '2025-01-29 16:59:01', '0000-00-00 00:00:00'),
(821, 13, '', '2025-01-30', '00:00:00', NULL, '00:00:00', NULL, 'Alpa', '2025-01-30 16:59:02', '0000-00-00 00:00:00'),
(822, 14, '', '2025-01-30', '00:00:00', NULL, '00:00:00', NULL, 'Alpa', '2025-01-30 16:59:02', '0000-00-00 00:00:00'),
(823, 17, '', '2025-01-30', '00:00:00', NULL, '00:00:00', NULL, 'Alpa', '2025-01-30 16:59:02', '0000-00-00 00:00:00'),
(824, 18, '', '2025-01-30', '00:00:00', NULL, '00:00:00', NULL, 'Alpa', '2025-01-30 16:59:02', '0000-00-00 00:00:00'),
(825, 13, '', '2025-01-31', '00:00:00', NULL, '00:00:00', NULL, 'Alpa', '2025-01-31 16:59:01', '0000-00-00 00:00:00'),
(826, 14, '', '2025-01-31', '00:00:00', NULL, '00:00:00', NULL, 'Alpa', '2025-01-31 16:59:01', '0000-00-00 00:00:00'),
(827, 17, '', '2025-01-31', '00:00:00', NULL, '00:00:00', NULL, 'Alpa', '2025-01-31 16:59:01', '0000-00-00 00:00:00'),
(828, 18, '', '2025-01-31', '00:00:00', NULL, '00:00:00', NULL, 'Alpa', '2025-01-31 16:59:01', '0000-00-00 00:00:00'),
(829, 13, '', '2025-02-01', '00:00:00', NULL, '00:00:00', NULL, 'Alpa', '2025-02-01 16:59:01', '0000-00-00 00:00:00'),
(830, 14, '', '2025-02-01', '00:00:00', NULL, '00:00:00', NULL, 'Alpa', '2025-02-01 16:59:01', '0000-00-00 00:00:00'),
(831, 17, '', '2025-02-01', '00:00:00', NULL, '00:00:00', NULL, 'Alpa', '2025-02-01 16:59:01', '0000-00-00 00:00:00'),
(832, 18, '', '2025-02-01', '00:00:00', NULL, '00:00:00', NULL, 'Alpa', '2025-02-01 16:59:01', '0000-00-00 00:00:00');

-- --------------------------------------------------------

--
-- Struktur dari tabel `admin`
--

CREATE TABLE `admin` (
  `admin_id` int(11) NOT NULL,
  `admin_username` varchar(30) NOT NULL,
  `admin_password` varchar(50) NOT NULL,
  `admin_nama` varchar(50) NOT NULL
) ENGINE=InnoDB DEFAULT CHARSET=latin1 COLLATE=latin1_swedish_ci;

--
-- Dumping data untuk tabel `admin`
--

INSERT INTO `admin` (`admin_id`, `admin_username`, `admin_password`, `admin_nama`) VALUES
(1, 'admin', 'admin', 'Administrator'),
(6, 'rehan', 'rehan', 'User'),
(10, 'ulya', 'ulya', 'User'),
(14, 'anwarfuad', 'anwarfuad', 'User');

-- --------------------------------------------------------

--
-- Struktur dari tabel `data_users`
--

CREATE TABLE `data_users` (
  `id` double NOT NULL,
  `nik` varchar(50) NOT NULL,
  `nama` varchar(64) NOT NULL,
  `alamat` text NOT NULL,
  `umur` int(11) NOT NULL,
  `status` int(11) NOT NULL DEFAULT 0,
  `updated_at` timestamp NOT NULL DEFAULT current_timestamp()
) ENGINE=InnoDB DEFAULT CHARSET=latin1 COLLATE=latin1_swedish_ci;

-- --------------------------------------------------------

--
-- Struktur dari tabel `jabatan`
--

CREATE TABLE `jabatan` (
  `jabatan_id` int(11) NOT NULL,
  `jabatan_nama` varchar(50) NOT NULL
) ENGINE=InnoDB DEFAULT CHARSET=latin1 COLLATE=latin1_swedish_ci;

--
-- Dumping data untuk tabel `jabatan`
--

INSERT INTO `jabatan` (`jabatan_id`, `jabatan_nama`) VALUES
(4, 'Karyawan'),
(5, 'Pemilik');

-- --------------------------------------------------------

--
-- Struktur dari tabel `jadwal`
--

CREATE TABLE `jadwal` (
  `jadwal_id` int(11) NOT NULL,
  `jabatan_id` int(11) NOT NULL,
  `jadwal_hari` enum('Senin','Selasa','Rabu','Kamis','Jumat','Sabtu','Minggu') NOT NULL,
  `jadwal_masuk` time NOT NULL,
  `jadwal_pulang` time NOT NULL
) ENGINE=InnoDB DEFAULT CHARSET=latin1 COLLATE=latin1_swedish_ci;

--
-- Dumping data untuk tabel `jadwal`
--

INSERT INTO `jadwal` (`jadwal_id`, `jabatan_id`, `jadwal_hari`, `jadwal_masuk`, `jadwal_pulang`) VALUES
(8, 4, 'Senin', '07:00:00', '17:00:00'),
(9, 4, 'Selasa', '07:00:00', '17:00:00'),
(10, 4, 'Rabu', '07:00:00', '17:00:00'),
(11, 4, 'Kamis', '07:00:00', '17:00:00'),
(12, 4, 'Jumat', '07:00:00', '17:00:00'),
(13, 4, 'Sabtu', '07:00:00', '17:00:00'),
(14, 4, 'Minggu', '00:00:00', '00:00:00'),
(15, 5, 'Senin', '07:00:00', '17:00:00'),
(16, 5, 'Selasa', '07:00:00', '17:00:00'),
(29, 5, 'Rabu', '07:00:00', '17:00:00'),
(30, 5, 'Kamis', '07:00:00', '17:00:00'),
(31, 5, 'Jumat', '07:00:00', '17:00:00'),
(32, 5, 'Sabtu', '07:00:00', '17:00:00'),
(33, 5, 'Minggu', '00:00:00', '00:00:00');

-- --------------------------------------------------------

--
-- Struktur dari tabel `karyawan`
--

CREATE TABLE `karyawan` (
  `karyawan_id` int(11) NOT NULL,
  `jabatan_id` int(11) NOT NULL,
  `face_id` varchar(50) NOT NULL,
  `karyawan_nik` varchar(16) NOT NULL,
  `karyawan_jeniskelamin` enum('M','F') NOT NULL,
  `karyawan_lahir` date NOT NULL,
  `karyawan_nomorhp` varchar(20) NOT NULL,
  `karyawan_alamat` varchar(500) NOT NULL,
  `karyawan_foto` varchar(255) NOT NULL,
  `karyawan_status` enum('1','0') NOT NULL DEFAULT '1'
) ENGINE=InnoDB DEFAULT CHARSET=latin1 COLLATE=latin1_swedish_ci;

--
-- Dumping data untuk tabel `karyawan`
--

INSERT INTO `karyawan` (`karyawan_id`, `jabatan_id`, `face_id`, `karyawan_nik`, `karyawan_jeniskelamin`, `karyawan_lahir`, `karyawan_nomorhp`, `karyawan_alamat`, `karyawan_foto`, `karyawan_status`) VALUES
(13, 4, 'rehan', '3327128482148212', 'M', '2011-12-31', '62839337373', 'adwwwww', '65688132664bef9231c1a.jpeg', '1'),
(14, 4, 'anwarfuad', '7838473724234339', 'M', '2024-05-13', '8736363563631', 'adiwerna bos', '1607759212664c4c3a90c6f.jpeg', '1'),
(17, 4, 'ulya', '1283909865678976', 'F', '2003-07-22', '62895359543859', 'jl mangga, procot', '7963995576673d0e59604f.png', '1'),
(18, 5, 'alex', '4567890987656435', 'M', '1999-12-12', '6289765406550', 'tegal', '10753328186673da4c48732.png', '1');

-- --------------------------------------------------------

--
-- Struktur dari tabel `rekap`
--

CREATE TABLE `rekap` (
  `id` int(11) NOT NULL,
  `karyawan_id` int(11) DEFAULT NULL,
  `face_id` varchar(255) DEFAULT NULL,
  `karyawan_nik` varchar(255) DEFAULT NULL,
  `tgl` date DEFAULT NULL,
  `masuk` time DEFAULT NULL,
  `foto_masuk` varchar(255) DEFAULT NULL,
  `pulang` time DEFAULT NULL,
  `foto_pulang` varchar(255) DEFAULT NULL,
  `status` varchar(255) DEFAULT NULL,
  `created_at` timestamp NOT NULL DEFAULT current_timestamp(),
  `updated_at` timestamp NOT NULL DEFAULT current_timestamp() ON UPDATE current_timestamp()
) ENGINE=InnoDB DEFAULT CHARSET=latin1 COLLATE=latin1_swedish_ci;

-- --------------------------------------------------------

--
-- Struktur dari tabel `temp_rekap`
--

CREATE TABLE `temp_rekap` (
  `rekap_id` int(11) NOT NULL,
  `rekap_tanggal` date NOT NULL,
  `face_id` varchar(255) NOT NULL,
  `rekap_masuk` time DEFAULT NULL,
  `rekap_photomasuk` blob DEFAULT NULL,
  `rekap_keluar` time DEFAULT NULL,
  `rekap_photokeluar` blob DEFAULT NULL
) ENGINE=InnoDB DEFAULT CHARSET=utf8mb4 COLLATE=utf8mb4_general_ci;

-- --------------------------------------------------------

--
-- Struktur dari tabel `users_logs`
--

CREATE TABLE `users_logs` (
  `id` int(11) NOT NULL,
  `username` varchar(100) NOT NULL,
  `nik` varchar(50) NOT NULL,
  `image_url` varchar(100) NOT NULL,
  `checkindate` date NOT NULL,
  `checkintime` time NOT NULL
) ENGINE=InnoDB DEFAULT CHARSET=latin1 COLLATE=latin1_swedish_ci;

--
-- Indexes for dumped tables
--

--
-- Indeks untuk tabel `absensi`
--
ALTER TABLE `absensi`
  ADD PRIMARY KEY (`id`);

--
-- Indeks untuk tabel `admin`
--
ALTER TABLE `admin`
  ADD PRIMARY KEY (`admin_id`),
  ADD UNIQUE KEY `admin_username` (`admin_username`);

--
-- Indeks untuk tabel `data_users`
--
ALTER TABLE `data_users`
  ADD PRIMARY KEY (`id`);

--
-- Indeks untuk tabel `jabatan`
--
ALTER TABLE `jabatan`
  ADD PRIMARY KEY (`jabatan_id`),
  ADD UNIQUE KEY `jabatan_nama` (`jabatan_nama`);

--
-- Indeks untuk tabel `jadwal`
--
ALTER TABLE `jadwal`
  ADD PRIMARY KEY (`jadwal_id`),
  ADD KEY `jadwal jabatanid to jabatanid` (`jabatan_id`);

--
-- Indeks untuk tabel `karyawan`
--
ALTER TABLE `karyawan`
  ADD PRIMARY KEY (`karyawan_id`),
  ADD UNIQUE KEY `karyawan_nik` (`karyawan_nik`),
  ADD UNIQUE KEY `face_id` (`face_id`),
  ADD KEY `karyawan jabatanid to jabatanid` (`jabatan_id`);

--
-- Indeks untuk tabel `rekap`
--
ALTER TABLE `rekap`
  ADD PRIMARY KEY (`id`),
  ADD KEY `karyawan_id` (`karyawan_id`);

--
-- Indeks untuk tabel `temp_rekap`
--
ALTER TABLE `temp_rekap`
  ADD PRIMARY KEY (`rekap_id`);

--
-- Indeks untuk tabel `users_logs`
--
ALTER TABLE `users_logs`
  ADD PRIMARY KEY (`id`);

--
-- AUTO_INCREMENT untuk tabel yang dibuang
--

--
-- AUTO_INCREMENT untuk tabel `absensi`
--
ALTER TABLE `absensi`
  MODIFY `id` int(10) UNSIGNED NOT NULL AUTO_INCREMENT, AUTO_INCREMENT=833;

--
-- AUTO_INCREMENT untuk tabel `admin`
--
ALTER TABLE `admin`
  MODIFY `admin_id` int(11) NOT NULL AUTO_INCREMENT, AUTO_INCREMENT=15;

--
-- AUTO_INCREMENT untuk tabel `data_users`
--
ALTER TABLE `data_users`
  MODIFY `id` double NOT NULL AUTO_INCREMENT, AUTO_INCREMENT=16;

--
-- AUTO_INCREMENT untuk tabel `jabatan`
--
ALTER TABLE `jabatan`
  MODIFY `jabatan_id` int(11) NOT NULL AUTO_INCREMENT, AUTO_INCREMENT=10;

--
-- AUTO_INCREMENT untuk tabel `jadwal`
--
ALTER TABLE `jadwal`
  MODIFY `jadwal_id` int(11) NOT NULL AUTO_INCREMENT, AUTO_INCREMENT=55;

--
-- AUTO_INCREMENT untuk tabel `karyawan`
--
ALTER TABLE `karyawan`
  MODIFY `karyawan_id` int(11) NOT NULL AUTO_INCREMENT, AUTO_INCREMENT=19;

--
-- AUTO_INCREMENT untuk tabel `rekap`
--
ALTER TABLE `rekap`
  MODIFY `id` int(11) NOT NULL AUTO_INCREMENT;

--
-- AUTO_INCREMENT untuk tabel `temp_rekap`
--
ALTER TABLE `temp_rekap`
  MODIFY `rekap_id` int(11) NOT NULL AUTO_INCREMENT, AUTO_INCREMENT=4;

--
-- AUTO_INCREMENT untuk tabel `users_logs`
--
ALTER TABLE `users_logs`
  MODIFY `id` int(11) NOT NULL AUTO_INCREMENT, AUTO_INCREMENT=7;

--
-- Ketidakleluasaan untuk tabel pelimpahan (Dumped Tables)
--

--
-- Ketidakleluasaan untuk tabel `jadwal`
--
ALTER TABLE `jadwal`
  ADD CONSTRAINT `jadwal jabatanid to jabatanid` FOREIGN KEY (`jabatan_id`) REFERENCES `jabatan` (`jabatan_id`) ON DELETE CASCADE ON UPDATE CASCADE;

--
-- Ketidakleluasaan untuk tabel `karyawan`
--
ALTER TABLE `karyawan`
  ADD CONSTRAINT `karyawan jabatanid to jabatanid` FOREIGN KEY (`jabatan_id`) REFERENCES `jabatan` (`jabatan_id`) ON DELETE CASCADE ON UPDATE CASCADE;

--
-- Ketidakleluasaan untuk tabel `rekap`
--
ALTER TABLE `rekap`
  ADD CONSTRAINT `rekap_ibfk_1` FOREIGN KEY (`karyawan_id`) REFERENCES `karyawan` (`karyawan_id`);
COMMIT;

/*!40101 SET CHARACTER_SET_CLIENT=@OLD_CHARACTER_SET_CLIENT */;
/*!40101 SET CHARACTER_SET_RESULTS=@OLD_CHARACTER_SET_RESULTS */;
/*!40101 SET COLLATION_CONNECTION=@OLD_COLLATION_CONNECTION */;
